last_name, first_name,year,player_age,b_ab,b_total_pa,b_total_hits,b_single,b_double,b_triple,b_home_run,b_strikeout,b_walk,b_k_percent,b_bb_percent,batting_avg,slg_percent,on_base_percent,on_base_plus_slg,xba,xslg,woba,xwoba,xobp,xiso,wobacon,xwobacon,exit_velocity_avg,launch_angle_avg,sweet_spot_percent,barrel_batted_rate,flareburner_percent,poorlyunder_percent,poorlytopped_percent,poorlyweak_percent,hard_hit_percent,z_swing_percent,z_swing_miss_percent,oz_swing_percent,oz_swing_miss_percent,oz_contact_percent,out_zone_percent,meatball_swing_percent,iz_contact_percent,whiff_percent,swing_percent,pull_percent,straightaway_percent,opposite_percent,f_strike_percent
Anderson, Brian,2020,27,200,229,51,32,7,1,11,66,22,28.8,9.6,0.255,0.465,0.345,0.81,0.228,0.425,0.342,0.312,0.322,0.197,0.439,0.387,87.4,9.6,34.8,9.6,18.5,23.7,36.3,5.2,39.3,73.2,27.9,29.7,47.3,52.7,55.4,89.5,72.1,34.4,49.1,43,34.1,23,63.8
Leon, Sandy,2020,31,66,81,9,6,1,0,2,21,14,25.9,17.3,0.136,0.242,0.296,0.539,0.18,0.31,0.256,0.289,0.334,0.13,0.229,0.29,84.9,17.9,37.8,4.4,22.2,31.1,26.7,8.9,28.9,62.2,19.6,25.6,52,48,55.6,67.6,80.4,30.6,41.9,51.1,26.7,22.2,56.8
Encarnacion, Edwin,2020,37,159,181,25,10,5,0,10,54,16,29.8,8.8,0.157,0.377,0.249,0.626,0.164,0.369,0.267,0.268,0.26,0.206,0.323,0.325,85.4,22.8,29.2,13.2,9.4,37.7,30.2,4.7,33,63.1,25.9,29.9,45.5,54.5,52.1,71.9,74.1,32.6,45.8,45.3,36.8,17.9,59.7
Cervelli, Francisco,2020,34,53,62,13,8,2,0,3,14,8,22.6,12.9,0.245,0.453,0.355,0.808,0.25,0.449,0.346,0.34,0.361,0.199,0.39,0.382,89,13.3,38.5,7.7,25.6,23.1,30.8,2.6,38.5,68,24.2,19.5,45.8,54.2,55.9,81.3,75.8,30,40.9,41,33.3,25.6,50
Yastrzemski, Mike,2020,30,192,225,57,29,14,4,10,55,30,24.4,13.3,0.297,0.568,0.4,0.968,0.255,0.496,0.4,0.355,0.364,0.241,0.495,0.421,88.2,18.4,35,10.9,26.3,24.8,23.4,5.1,42.3,58,19,19.8,41.9,58.1,49.9,72.1,81,24.9,38.9,40.1,39.4,20.4,60.4
Marte, Ketel,2020,27,181,195,52,35,14,1,2,21,7,10.8,3.6,0.287,0.409,0.323,0.732,0.265,0.379,0.311,0.295,0.309,0.114,0.325,0.306,89.2,10,28.8,3.7,22.7,24.5,38,3.1,40.5,61.6,9.2,28,25,75,49.4,65.9,90.8,14.1,45,36.2,40.5,23.3,60
Sandoval, Pablo,2020,34,84,94,18,16,1,0,1,19,8,20.2,8.5,0.214,0.262,0.287,0.549,0.237,0.349,0.248,0.281,0.308,0.112,0.259,0.306,91.9,8,28.8,3,24.2,22.7,37.9,3,51.5,75.9,27.5,35.5,35.7,64.3,55.5,88,72.5,30.5,53.5,25.8,51.5,22.7,58.5
Soler, Jorge,2020,28,149,174,34,18,8,0,8,60,19,34.5,10.9,0.228,0.443,0.322,0.765,0.244,0.49,0.327,0.338,0.339,0.247,0.455,0.477,92.5,15.5,36.7,18.9,24.4,21.1,24.4,4.4,51.1,56.5,26.3,23.4,58.3,41.7,55.5,69.4,73.7,37.2,38.2,48.9,28.9,22.2,55.7
Mathis, Jeff,2020,37,62,68,10,5,1,1,3,24,5,35.3,7.4,0.161,0.355,0.221,0.575,0.203,0.355,0.237,0.264,0.265,0.153,0.331,0.382,89.6,20.6,43.6,7.7,23.1,28.2,23.1,2.6,41,62.8,26.7,27.3,61.1,38.9,49.1,75,73.3,36.9,45.4,51.3,35.9,12.8,56.5
Moore, Dylan,2020,28,137,159,35,18,9,0,8,43,14,27,8.8,0.255,0.496,0.358,0.855,0.251,0.464,0.362,0.343,0.355,0.213,0.448,0.416,90.4,17.3,39.4,13.8,23.4,27.7,28.7,2.1,44.7,57.8,19.7,25.4,44,56,50.5,70.4,80.3,27.2,41.5,38.3,34,27.7,63.5
Calhoun, Willie,2020,26,100,108,19,15,2,1,1,17,5,15.7,4.6,0.19,0.26,0.231,0.491,0.196,0.272,0.214,0.23,0.246,0.077,0.223,0.243,89.3,14.4,25.9,1.2,22.4,32.9,34.1,4.7,38.8,65.3,10.1,21.8,28.9,71.1,49.2,72.7,89.9,14.7,43.9,32.9,45.9,21.2,56.5
Murphy, Daniel,2020,35,123,132,29,23,3,0,3,21,7,15.9,5.3,0.236,0.333,0.273,0.606,0.239,0.345,0.255,0.259,0.278,0.107,0.286,0.291,85.1,15.5,35.9,4.9,24.3,27.2,36.9,4.9,25.2,72.2,9.1,32,27.4,72.6,46.8,77.4,90.4,14.2,53.4,35,35,30.1,59.1
Belt, Brandon,2020,32,149,179,46,23,13,1,9,36,30,20.1,16.8,0.309,0.591,0.425,1.015,0.285,0.598,0.42,0.402,0.405,0.313,0.485,0.455,90.7,18,40.7,16.8,19.5,26.5,22.1,5.3,46.9,72.4,15.9,18.8,47.2,52.8,55.7,93.3,84.1,23.6,42.6,40.7,39.8,19.5,59.2
Wolters, Tony,2020,28,100,109,23,19,4,0,0,30,6,27.5,5.5,0.23,0.27,0.275,0.545,0.262,0.344,0.245,0.281,0.31,0.082,0.306,0.361,84.1,8.2,40.3,0,40.3,16.7,25,12.5,20.8,59,15.3,27.2,54.5,45.5,49,66.7,84.7,27.4,43.4,38.9,30.6,30.6,51.4
Bonifacio, Jorge,2020,27,86,94,19,14,3,0,2,26,5,27.7,5.3,0.221,0.326,0.277,0.602,0.2,0.299,0.262,0.242,0.26,0.099,0.323,0.293,82.9,18.3,32.8,3.3,23,37.7,26.2,6.6,27.9,76.7,17.4,33.8,62.7,37.3,53.5,73.9,82.6,32.7,53.8,34.4,29.5,36.1,73.4
Gurriel Jr., Lourdes,2020,27,208,224,64,39,14,0,11,48,14,21.4,6.3,0.308,0.534,0.348,0.882,0.281,0.486,0.366,0.331,0.324,0.206,0.446,0.398,90.8,10.5,39.5,11.7,24.7,24.1,32.7,3.1,49.4,70.3,19.5,34,38.9,61.1,52.6,74.1,80.5,26.3,51.2,38.3,39.5,22.2,68.8
Farmer, Kyle,2020,30,64,70,17,14,3,0,0,13,5,18.6,7.1,0.266,0.313,0.329,0.641,0.285,0.456,0.286,0.335,0.347,0.171,0.31,0.379,89.6,18.2,37.3,5.9,33.3,25.5,21.6,2,45.1,61,13.3,30.4,44.4,55.6,54.6,66.7,86.7,25,44.3,37.3,43.1,19.6,61.4
Berti, Jon,2020,30,120,149,31,24,5,0,2,37,23,24.8,15.4,0.258,0.35,0.383,0.733,0.242,0.315,0.332,0.318,0.374,0.073,0.367,0.341,86.6,7.2,32.6,3.5,29.1,18.6,39.5,5.8,33.7,53.6,11.5,16.1,46.8,53.2,49.9,63.2,88.5,19.6,34.9,34.9,39.5,25.6,63.8
Bader, Harrison,2020,26,106,125,24,11,7,2,4,40,13,32,10.4,0.226,0.443,0.336,0.779,0.198,0.421,0.332,0.314,0.315,0.222,0.431,0.398,86,15.7,35.8,11.9,16.4,25.4,28.4,6,35.8,58.5,15.6,27.8,51.3,48.7,53.8,50,84.4,28.3,42,40.3,34.3,25.4,60.8
Baez, Javier,2020,28,222,235,45,27,9,1,8,75,7,31.9,3,0.203,0.36,0.238,0.599,0.215,0.378,0.252,0.265,0.254,0.163,0.346,0.369,89.4,10.3,24.8,8.1,20.1,22.1,34.9,5.4,40.3,73,29.4,38.3,50,50,58,78.6,70.6,38,52.9,40.3,34.9,24.8,62.6
Judge, Aaron,2020,28,101,114,26,14,3,0,9,32,10,28.1,8.8,0.257,0.554,0.333,0.888,0.266,0.546,0.368,0.361,0.346,0.279,0.482,0.473,92.2,15.7,36.2,11.6,26.1,26.1,23.2,0,40.6,68.9,19.2,22.9,66.7,33.3,56.5,85.7,80.1,33.5,42.9,50.7,30.4,18.8,55.3
Benintendi, Andrew,2020,26,39,52,4,3,1,0,0,17,11,32.7,21.2,0.103,0.128,0.308,0.436,0.122,0.214,0.238,0.272,0.333,0.092,0.174,0.253,85.2,8.6,13,4.3,8.7,26.1,39.1,13,26.1,71.3,22.2,23.4,60,40,55.9,78.6,77.8,33.3,44.5,30.4,47.8,21.7,59.6
LeMahieu, DJ,2020,32,195,216,71,49,10,2,10,21,18,9.7,8.3,0.364,0.59,0.421,1.011,0.315,0.462,0.422,0.355,0.378,0.148,0.441,0.359,91.3,2.3,29.7,2.9,30.3,12,42.3,1.7,45.7,63.9,7.1,24.1,22.2,77.8,49.6,67.6,92.9,11.2,44.1,22.3,34.3,43.4,65.3
Castro, Jason,2020,33,80,92,15,4,9,0,2,33,12,35.9,13,0.188,0.375,0.293,0.668,0.238,0.487,0.289,0.337,0.338,0.249,0.39,0.484,92.7,19.7,42.6,14.9,29.8,25.5,19.1,2.1,55.3,61.5,30.9,23.3,43.8,56.3,50.7,67.7,69.1,34.5,42.1,36.2,34,29.8,53.3
Alonso, Pete,2020,26,208,239,48,26,6,0,16,61,24,25.5,10,0.231,0.49,0.326,0.817,0.227,0.466,0.336,0.322,0.324,0.239,0.412,0.39,90.2,15.5,30.4,12.8,17.6,27.7,31.1,4.1,41.2,65,17.7,30.7,52.2,47.8,55.1,78.3,82.3,30.4,46.1,41.2,33.1,25.7,60.7
Ruf, Darin,2020,34,87,100,24,13,6,0,5,23,13,23,13,0.276,0.517,0.37,0.887,0.251,0.457,0.369,0.336,0.349,0.206,0.442,0.391,89.4,12.5,34.4,9.4,20.3,26.6,31.3,1.6,43.8,58.6,20.3,21.2,46.3,53.7,46,64.3,79.7,26.4,41.4,39.1,35.9,25,58.4
Ohtani, Shohei,2020,26,153,175,29,16,6,0,7,50,22,28.6,12.6,0.19,0.366,0.291,0.657,0.235,0.426,0.286,0.322,0.332,0.191,0.338,0.4,89.1,9.2,32,10.7,22.3,19.4,40.8,1,42.7,65,26.3,24.1,48.9,51.1,49.4,69.2,73.7,32.3,44.8,40.8,36.9,22.3,52.6
Lin, Tzu-Wei,2020,26,52,57,8,7,1,0,0,17,2,29.8,3.5,0.154,0.173,0.175,0.349,0.181,0.232,0.158,0.193,0.208,0.051,0.203,0.257,85.5,13.7,31.6,2.6,21.1,34.2,31.6,10.5,13.2,66,18.6,33.9,46.2,53.8,52,42.9,81.4,28.4,49.3,31.6,42.1,26.3,57.9
Crawford, J.P.,2020,25,204,232,52,41,7,2,2,39,23,16.8,9.9,0.255,0.338,0.336,0.674,0.256,0.36,0.298,0.307,0.342,0.103,0.306,0.319,85.8,11.5,34.1,1.8,27.5,24,34.1,4.8,31.1,58.5,11.1,22.6,37.9,62.1,48.8,57.4,88.9,18.3,41,34.7,32.9,32.3,53
Story, Trevor,2020,28,235,259,68,40,13,4,11,63,24,24.3,9.3,0.289,0.519,0.355,0.874,0.253,0.455,0.364,0.318,0.322,0.202,0.454,0.386,89.9,20.8,40.1,8.7,25.6,34.9,19.8,2.9,41.3,66.4,18.4,28.2,40.5,59.5,54.1,80.6,81.6,25.7,45.8,32,37.2,30.8,54.1
Pujols, Albert,2020,40,152,163,34,20,8,0,6,25,9,15.3,5.5,0.224,0.395,0.27,0.665,0.248,0.4,0.278,0.285,0.294,0.152,0.303,0.312,88.6,16.4,30.5,5.5,25,29.7,29.7,2.3,34.4,64.6,11.6,35.4,39.7,60.3,52.7,66.7,88.4,22.2,49.2,50,31.3,18.8,54
Heyward, Jason,2020,31,147,181,39,25,6,2,6,37,30,20.4,16.6,0.265,0.456,0.392,0.848,0.288,0.455,0.362,0.371,0.413,0.167,0.391,0.404,87.6,11.3,42,4.5,35.7,15.2,33,3.6,40.2,56.3,19.1,18.4,36.4,63.6,51.7,60.4,80.9,23.6,36.7,47.3,37.5,15.2,48.6
Gonzalez, Marwin,2020,31,175,199,37,28,4,0,5,41,17,20.6,8.5,0.211,0.32,0.286,0.606,0.242,0.404,0.265,0.304,0.317,0.163,0.282,0.338,89.2,12.6,31.9,5.1,23.2,28.3,34.8,3.6,38.4,61.2,18.3,26.5,34.5,65.5,53.1,72.7,81.7,23.6,42.8,42,37.7,20.3,55.3
Reyes, Franmil,2020,25,211,241,58,39,10,0,9,69,24,28.6,10,0.275,0.45,0.344,0.795,0.251,0.447,0.335,0.332,0.332,0.196,0.432,0.429,92.4,11.2,31.3,12.9,23.8,19,34.7,2,44.9,69.7,28.1,27.3,59.3,40.7,55.9,77,71.9,38.5,46,32.7,40.1,27.2,58.5
Diaz, Aledmys,2020,30,58,59,14,6,5,0,3,12,1,20.3,1.7,0.241,0.483,0.254,0.737,0.276,0.394,0.302,0.283,0.288,0.118,0.372,0.348,87.3,10.2,37,2.2,28.3,26.1,39.1,0,26.1,69.1,20,34.4,43.8,56.3,43.1,85.7,80,26.5,54.2,52.2,32.6,15.2,61
Donaldson, Josh,2020,35,81,102,18,10,2,0,6,24,18,23.5,17.6,0.222,0.469,0.373,0.842,0.221,0.423,0.356,0.344,0.377,0.203,0.393,0.372,92.8,6.2,24.1,6.9,22.4,20.7,41.4,1.7,53.4,63.9,24.6,21.3,56.4,43.6,57.5,82.4,75.4,34.5,39.4,44.8,34.5,20.7,50
Villar, Jonathan,2020,29,185,207,43,36,5,0,2,54,19,26.1,9.2,0.232,0.292,0.3,0.591,0.216,0.287,0.262,0.256,0.288,0.071,0.31,0.303,86.7,1.6,18.7,1.5,24.6,17.2,42.5,7.5,35.8,74.1,22.6,33.6,48.7,51.3,56.3,85.5,77.4,32.2,51.3,35.1,38.1,26.9,65.7
Santana, Domingo,2020,28,70,84,11,6,3,0,2,25,13,29.8,15.5,0.157,0.286,0.298,0.583,0.195,0.346,0.267,0.3,0.329,0.151,0.283,0.345,85.5,5.4,26.7,6.7,13.3,15.6,48.9,8.9,33.3,70.3,18,23.8,53.7,46.3,52.1,78.3,82,27.6,46.1,48.9,26.7,24.4,71.4
Harper, Bryce,2020,28,190,244,51,27,9,2,13,43,49,17.6,20.1,0.268,0.542,0.418,0.96,0.307,0.657,0.393,0.435,0.451,0.35,0.421,0.486,92.5,16,33.3,17.3,24,26,22,6.7,50.7,73.4,17.9,28,47,53,60.9,84.6,82.1,28.8,45.7,38,34.7,27.3,58.6
Pham, Tommy,2020,32,109,125,23,18,2,0,3,27,15,21.6,12,0.211,0.312,0.312,0.624,0.266,0.457,0.282,0.348,0.362,0.191,0.292,0.392,92.8,2.4,22,7.3,24.4,18.3,39,1.2,50,57.8,19,20.3,47.2,52.8,52.4,83.3,81,26.8,38.2,39,41.5,19.5,61.3
Lopez, Nicky,2020,25,169,192,34,25,8,0,1,41,18,21.4,9.4,0.201,0.266,0.281,0.548,0.236,0.305,0.25,0.278,0.317,0.069,0.261,0.302,84.9,1.4,30.5,1.5,26.7,17.6,42.7,8.4,26.7,63.6,16.5,25.1,32.6,67.4,50.5,63.3,83.5,21.1,44.2,32.8,43.5,23.7,62.5
Smoak, Justin,2020,34,119,132,21,9,7,0,5,42,10,31.8,7.6,0.176,0.361,0.25,0.611,0.191,0.33,0.261,0.25,0.263,0.14,0.334,0.316,89.6,15.3,33.3,3.8,21.8,30.8,32.1,3.8,39.7,64.9,21.3,22.7,58.5,41.5,51.6,76.7,78.7,31.4,43.1,56.4,26.9,16.7,58.3
Semien, Marcus,2020,30,211,236,47,30,9,1,7,50,25,21.2,10.6,0.223,0.374,0.305,0.679,0.204,0.348,0.294,0.274,0.289,0.143,0.324,0.295,86.2,19.3,32.9,5,19.9,38.5,24.8,3.7,28.6,70.7,18.8,18.5,39.8,60.2,51.1,75.3,81.2,23.3,44,39.1,34.8,26.1,62.7
Polanco, Jorge,2020,27,209,226,54,42,8,0,4,35,13,15.5,5.8,0.258,0.354,0.301,0.655,0.264,0.384,0.284,0.293,0.309,0.12,0.309,0.32,86.6,16.1,39,2.8,26,31.1,29.9,5.1,33.3,64.1,10.4,23,34.6,65.4,50.2,75.8,89.6,16.8,43.5,35.6,32.8,31.6,55.8
Olivares, Edward,2020,24,96,101,23,17,2,1,3,25,4,24.8,4,0.24,0.375,0.267,0.642,0.259,0.366,0.271,0.278,0.286,0.108,0.341,0.352,82.7,7.6,33.3,5.6,26.4,22.2,30.6,12.5,27.8,70.5,19.1,32.1,35.8,64.2,52,72.7,80.9,24.6,50.5,36.1,47.2,16.7,67.3
Lux, Gavin,2020,23,63,69,11,6,2,0,3,19,6,27.5,8.7,0.175,0.349,0.246,0.596,0.199,0.339,0.255,0.261,0.269,0.14,0.306,0.315,87.1,13.9,29.5,6.8,15.9,34.1,36.4,2.3,27.3,61.6,21.2,21.6,40,60,50.2,54.2,78.8,26.1,41.5,34.1,36.4,29.5,65.2
Garcia, Greg,2020,31,60,71,12,9,3,0,0,18,7,25.4,9.9,0.2,0.25,0.268,0.518,0.185,0.22,0.236,0.229,0.267,0.035,0.267,0.256,83.4,11.1,26.1,0,19.6,23.9,37,15.2,10.9,54.5,11.9,17.6,41.7,58.3,46.9,53.8,88.1,18.5,37.2,28.3,41.3,30.4,56.9
Hiura, Keston,2020,24,217,246,46,29,4,0,13,85,16,34.6,6.5,0.212,0.41,0.297,0.707,0.21,0.434,0.299,0.304,0.3,0.224,0.413,0.423,87.4,14.3,34.3,14.2,22.4,21.6,32.1,4.5,39.6,71.3,35.6,30.4,58.3,41.7,51.8,80.3,64.4,42.7,50.1,35.8,40.3,23.9,54.1
Cron, C.J.,2020,30,42,52,8,1,3,0,4,16,9,30.8,17.3,0.19,0.548,0.346,0.894,0.198,0.487,0.369,0.348,0.352,0.29,0.472,0.429,85.5,20.6,34.6,19.2,15.4,19.2,26.9,11.5,34.6,67.3,22.7,28.2,48.5,51.5,54.4,86.7,77.3,31.3,46,42.3,42.3,15.4,48.1
Suzuki, Kurt,2020,37,111,129,30,20,8,0,2,19,11,14.7,8.5,0.27,0.396,0.349,0.745,0.249,0.356,0.322,0.301,0.335,0.108,0.326,0.299,83.9,18,31.6,3.2,26.3,33.7,25.3,5.3,24.2,68.8,11.8,27.8,30.3,69.7,49,76.3,88.2,16.9,48.8,43.2,35.8,21.1,66.7
Shaw, Travis,2020,30,163,180,39,23,10,0,6,50,16,27.8,8.9,0.239,0.411,0.306,0.717,0.242,0.439,0.305,0.31,0.31,0.196,0.384,0.393,90.9,19.8,34.2,7.9,24.6,31.6,23.7,2.6,44.7,69.6,25.1,24.4,40.9,59.1,50.8,71.7,74.9,29.3,46.7,39.5,33.3,27.2,59.4
Santander, Anthony,2020,26,153,165,40,15,13,1,11,25,10,15.2,6.1,0.261,0.575,0.315,0.89,0.286,0.51,0.358,0.338,0.338,0.225,0.404,0.378,88.6,24.7,40.6,10.2,25.8,38.3,15.6,3.9,36.7,74.9,22.3,36.9,30.2,69.8,59.4,77.4,77.7,25.6,52.3,35.9,32,32,60
Carlson, Dylan,2020,22,110,119,22,11,7,1,3,35,8,29.4,6.7,0.2,0.364,0.252,0.616,0.246,0.443,0.26,0.303,0.294,0.197,0.335,0.401,87.4,9.3,40.8,9.2,21.1,14.5,32.9,7.9,42.1,58.9,22.1,24.9,49.2,50.8,53,70.3,77.9,30.8,40.9,35.5,38.2,26.3,57.1
Chisholm, Jazz,2020,22,56,62,9,5,1,1,2,19,5,30.6,8.1,0.161,0.321,0.242,0.563,0.174,0.34,0.244,0.254,0.254,0.165,0.297,0.312,87.1,15.6,27,10.8,13.5,35.1,27,8.1,29.7,55.3,14.3,25.5,44.7,55.3,56.7,71.4,85.7,25.7,38.4,29.7,43.2,27,61.3
Rosario, Amed,2020,25,143,147,36,28,3,1,4,34,4,23.1,2.7,0.252,0.371,0.272,0.643,0.233,0.341,0.271,0.256,0.254,0.108,0.342,0.323,86.5,4.2,30.3,3.7,21.1,18.3,47.7,2.8,33,67.1,14.6,36.8,41.4,58.6,51.3,69,85.4,24.4,51.5,33,40.4,26.6,63.5
Peraza, Jose,2020,26,111,120,25,15,8,1,1,18,5,15,4.2,0.225,0.342,0.275,0.617,0.24,0.361,0.266,0.279,0.292,0.121,0.279,0.297,85.4,20,37.2,4.3,21.3,37.2,26.6,4.3,27.7,71.1,10.9,40.8,38.2,61.8,52.9,87,89.1,21.6,55.1,38.3,43.6,18.1,70
Robert, Luis,2020,23,202,227,47,28,8,0,11,73,20,32.2,8.8,0.233,0.436,0.3,0.735,0.226,0.466,0.311,0.315,0.3,0.24,0.423,0.432,87.9,16.7,36.6,13,16,24.4,30.5,5.3,40.5,80.8,31.5,39.6,57.6,42.4,56.8,85.7,68.5,41.6,57.5,32.8,38.2,29,67.8
Senzel, Nick,2020,25,70,78,13,5,6,0,2,15,6,19.2,7.7,0.186,0.357,0.244,0.601,0.234,0.387,0.255,0.284,0.293,0.153,0.277,0.317,88.3,16.3,33.9,3.6,21.4,28.6,26.8,3.6,33.9,74.2,12.6,23.3,56.7,43.3,50.2,84.6,87.4,23.2,48.6,42.9,32.1,25,66.7
Acuna Jr., Ronald,2020,23,160,202,40,15,11,0,14,60,38,29.7,18.8,0.25,0.581,0.406,0.987,0.254,0.59,0.407,0.401,0.409,0.336,0.536,0.526,92.4,18.6,34,16,21,21,18,6,57,63.3,26.3,20.1,39.8,60.2,52.7,80.3,73.7,29.9,40.5,43,34,23,56.9
Hedges, Austin,2020,28,69,83,10,6,1,0,3,23,6,27.7,7.2,0.145,0.29,0.217,0.507,0.207,0.331,0.229,0.27,0.288,0.125,0.261,0.329,90.2,18.6,26.9,7.7,21.2,23.1,25,17.3,38.5,59.5,13.8,22.6,50,50,52.8,68.4,86.2,24.6,40,46.2,38.5,15.4,54.2
Davis, J.D.,2020,27,190,229,47,32,9,0,6,56,31,24.5,13.5,0.247,0.389,0.371,0.761,0.258,0.43,0.334,0.348,0.381,0.171,0.374,0.397,90.1,3.3,29.6,8.9,28.1,11.1,43,3.7,45.2,66.1,21.5,23.5,51.4,48.6,49.7,82.6,78.5,29.3,44.9,30.4,43,26.7,65.9
Moustakas, Mike,2020,32,139,163,32,15,9,0,8,36,18,22.1,11,0.23,0.468,0.331,0.799,0.242,0.436,0.334,0.322,0.342,0.194,0.376,0.357,88.8,16.3,36.2,9.5,25.7,31.4,23.8,4.8,40,68.7,15.2,29.5,43.3,56.7,53.5,84.8,84.8,24.4,47.7,36.2,42.9,21,59.5
Cooper, Garrett,2020,30,120,133,34,20,8,0,6,31,11,23.3,8.3,0.283,0.5,0.353,0.853,0.304,0.521,0.359,0.368,0.372,0.217,0.436,0.448,90.1,9.5,39.3,10.1,36,19.1,29.2,2.2,41.6,54.8,14,27.7,36.6,63.4,53.1,63.6,86,22.2,40.4,38.2,36,25.8,55.6
McNeil, Jeff,2020,28,183,209,57,39,14,0,4,24,20,11.5,9.6,0.311,0.454,0.383,0.836,0.278,0.41,0.354,0.325,0.357,0.131,0.363,0.325,86.6,11.5,37,2.5,32.1,25.3,27.8,4.9,26.5,82.8,13.6,32.4,26.9,73.1,51.5,86.3,86.4,17.5,56.8,38.3,35.8,25.9,65.1
Galvis, Freddy,2020,31,141,159,31,19,5,0,7,30,13,18.9,8.2,0.22,0.404,0.308,0.712,0.221,0.361,0.307,0.29,0.31,0.14,0.326,0.303,87,13.6,27,4.5,21.6,27,32.4,7.2,27.9,65.7,20.5,26.7,39.8,60.2,53.2,88,79.5,26.6,45,44.1,35.1,20.7,54.1
Peralta, David,2020,33,203,218,61,45,10,1,5,45,13,20.6,6,0.3,0.433,0.339,0.773,0.263,0.375,0.328,0.292,0.306,0.113,0.391,0.342,89.2,6.4,29.4,5,23.1,21.9,41.3,1.3,36.3,65.5,15.5,26.6,35.8,64.2,48.5,68.9,84.5,21.1,46.6,38.1,34.4,27.5,62.4
Fowler, Dexter,2020,34,90,101,21,15,2,0,4,28,10,27.7,9.9,0.233,0.389,0.317,0.706,0.215,0.351,0.306,0.281,0.301,0.136,0.375,0.335,84.5,11.2,33.9,4.8,21,25.8,33.9,1.6,27.4,71.1,26.7,22.5,46.3,53.7,53.2,86.1,73.3,31.9,45.2,40.3,40.3,19.4,58.4
Murphy, John Ryan,2020,29,58,63,10,8,2,0,0,28,4,44.4,6.3,0.172,0.207,0.222,0.429,0.213,0.317,0.196,0.247,0.264,0.104,0.313,0.418,83,7.3,38.7,9.7,29,16.1,22.6,22.6,38.7,65.6,36.6,31.7,63.2,36.8,49,92.3,63.4,45,49,54.8,38.7,6.5,76.2
Eaton, Adam,2020,32,159,176,36,20,11,1,4,32,12,18.2,6.8,0.226,0.384,0.278,0.662,0.248,0.385,0.283,0.291,0.305,0.137,0.316,0.327,87.8,5.7,30.5,4.6,26,19.8,35.9,9.2,38.2,67.1,8.6,33,32.5,67.5,51,79.6,91.4,16.7,49.7,26.7,37.4,35.9,60.8
Dyson, Jarrod,2020,36,61,66,11,11,0,0,0,11,4,16.7,6.1,0.18,0.18,0.227,0.408,0.207,0.24,0.19,0.229,0.256,0.033,0.191,0.243,82.7,5.7,23.5,0,15.7,25.5,49,9.8,17.6,63.8,13.6,23.6,42.3,57.7,44.4,80.8,86.4,20.2,46,37.3,41.2,21.6,62.1
Frazier, Adam,2020,29,209,230,48,34,7,0,7,35,17,15.2,7.4,0.23,0.364,0.296,0.659,0.253,0.38,0.286,0.299,0.318,0.127,0.297,0.313,85.5,12.3,34.9,4,26.9,26.3,34.3,5.1,25.1,67.5,11.3,24.8,30.4,69.6,51,75.3,88.7,16.5,45.8,30.9,38.9,30.3,57.8
Jeffers, Ryan,2020,23,55,62,15,12,0,0,3,19,5,30.6,8.1,0.273,0.436,0.355,0.791,0.238,0.46,0.341,0.328,0.325,0.222,0.452,0.432,91.6,10.3,27.8,13.9,25,16.7,30.6,5.6,41.7,63.2,24.3,23.7,54.8,45.2,52.8,77.3,75.7,33.3,42.3,30.6,41.7,27.8,62.9
Cave, Jake,2020,28,113,123,25,16,3,2,4,44,5,35.8,4.1,0.221,0.389,0.285,0.674,0.213,0.331,0.288,0.264,0.277,0.118,0.411,0.368,87.4,8.5,27.5,4.3,29,14.5,36.2,5.8,39.1,66.4,28.2,30.9,61.4,38.6,53.4,62.5,71.8,39.7,47.4,34.8,39.1,26.1,52
Gomes, Yan,2020,33,109,119,31,20,6,1,4,22,6,18.5,5,0.284,0.468,0.319,0.787,0.284,0.464,0.326,0.323,0.323,0.181,0.378,0.373,89.9,17.6,38.9,5.6,31.1,28.9,23.3,1.1,37.8,64.6,14.8,33.7,37.9,62.1,48.4,72.7,85.2,22.4,49.6,32.2,42.2,25.6,69.7
Andrus, Elvis,2020,32,103,111,20,12,5,0,3,15,8,13.5,7.2,0.194,0.33,0.252,0.582,0.233,0.39,0.251,0.286,0.288,0.158,0.254,0.298,88.5,9.2,28.4,5.7,15.9,23.9,39.8,5.7,37.5,65.9,12.4,26,37.7,62.3,49.5,64.9,87.6,19.5,46.1,29.5,50,20.5,66.7
Schwarber, Kyle,2020,27,191,224,36,19,6,0,11,66,30,29.5,13.4,0.188,0.393,0.308,0.701,0.225,0.444,0.302,0.33,0.34,0.219,0.361,0.413,92.8,8.8,28.8,11.2,20.8,19.2,32.8,4.8,47.2,62.1,21.9,27.6,39.2,60.8,56.1,69.8,78.1,28.2,42.7,44.8,36,19.2,52.2
Ramos, Wilson,2020,33,142,155,34,23,6,0,5,31,10,20,6.5,0.239,0.387,0.297,0.684,0.248,0.42,0.293,0.303,0.307,0.171,0.33,0.344,89,6.5,26.8,7.1,25,20.5,35.7,5.4,42,79,19.7,32,40.2,59.8,51.4,85.7,80.3,25.9,54.8,26.8,46.4,26.8,59.4
Escobar, Eduardo,2020,31,203,222,43,29,7,3,4,41,15,18.5,6.8,0.212,0.335,0.27,0.605,0.263,0.395,0.253,0.294,0.318,0.132,0.281,0.336,88.6,18.1,34.8,5.5,26.8,33.5,26.8,3,31.7,69.9,12.9,35.2,36.6,63.4,53.6,85.7,87.1,21.6,51.3,40.2,36,23.8,64
Nimmo, Brandon,2020,27,186,225,52,33,8,3,8,43,33,19.1,14.7,0.28,0.484,0.404,0.888,0.251,0.424,0.381,0.349,0.382,0.173,0.409,0.36,87.2,7.6,30.8,7.7,22.4,20.3,39.2,4.9,32.9,66.7,16.6,16.9,41.7,58.3,50.9,75.8,83.4,21.8,41.3,33.6,30.8,35.7,61.3
Myers, Wil,2020,30,198,218,57,26,14,2,15,56,18,25.7,8.3,0.288,0.606,0.353,0.959,0.285,0.588,0.393,0.377,0.351,0.303,0.506,0.482,91,13.4,40.8,14.8,21.8,22.5,28.2,2.8,45.8,62.1,16.8,24,48.1,51.9,53.4,76.3,83.2,26.4,41.8,36.6,33.8,29.6,60.6
Toro, Abraham,2020,24,87,97,13,8,2,0,3,23,3,23.7,3.1,0.149,0.276,0.237,0.513,0.219,0.325,0.23,0.276,0.3,0.105,0.238,0.308,86.1,7.6,26.6,3.1,23.4,23.4,40.6,1.6,28.1,74.1,16.1,30.4,42.9,57.1,49.9,75,83.9,23.8,52.3,42.2,29.7,28.1,62.9
Taylor, Chris,2020,30,185,214,50,30,10,2,8,55,26,25.7,12.1,0.27,0.476,0.364,0.84,0.268,0.481,0.358,0.354,0.365,0.213,0.437,0.431,88,9.1,35.1,11.5,26.7,11.5,31.3,9.9,45,73,27.5,17.3,53.9,46.1,51.2,85.7,72.5,32.7,44.5,31.3,40.5,28.2,59.8
Lindor, Francisco,2020,27,236,266,61,40,13,0,8,41,24,15.4,9,0.258,0.415,0.335,0.75,0.278,0.441,0.319,0.333,0.355,0.162,0.336,0.355,89.9,13.5,36.5,5.6,23.9,27.4,31,2.5,41.1,72.1,12.5,29.5,36.3,63.7,55.2,87.1,87.5,20.4,48.6,44.2,32.5,23.4,57.1
Fletcher, David,2020,26,207,230,66,50,13,0,3,25,20,10.9,8.7,0.319,0.425,0.374,0.799,0.292,0.35,0.345,0.311,0.351,0.058,0.354,0.312,84.7,4.1,30.8,0.5,30.8,16.8,45.4,5.4,17.8,47.6,4.8,25.3,16.7,83.3,47.1,53.4,95.2,8.6,37.1,34.6,35.7,29.7,58.7
Carpenter, Matt,2020,35,140,169,26,16,6,0,4,48,23,28.4,13.6,0.186,0.314,0.325,0.64,0.215,0.408,0.289,0.323,0.35,0.193,0.315,0.378,88.2,17,44.6,9.8,26.1,32.6,23.9,3.3,35.9,60.5,25,20.2,55.7,44.3,53.3,60.5,75,33.4,39,52.2,29.3,18.5,59.8
Flowers, Tyler,2020,34,69,80,15,8,6,0,1,34,8,42.5,10,0.217,0.348,0.325,0.673,0.192,0.328,0.298,0.275,0.303,0.136,0.463,0.408,93,16.2,48.6,8.6,25.7,28.6,22.9,2.9,45.7,63.1,23.2,28.7,63.3,36.7,52.1,84.2,76.8,36.5,45.1,40,40,20,58.8
Brantley, Michael,2020,33,170,187,51,31,15,0,5,28,17,15,9.1,0.3,0.476,0.364,0.84,0.262,0.415,0.356,0.314,0.329,0.153,0.387,0.33,88.7,10.2,34.5,4.9,26.8,24.6,33.8,3.5,37.3,58.9,10.2,20.1,35.2,64.8,49.1,66.1,89.8,16.4,39.8,43,31.7,25.4,58.8
Muncy, Max,2020,30,203,248,39,23,4,0,12,60,39,24.2,15.7,0.192,0.389,0.331,0.72,0.235,0.481,0.311,0.352,0.367,0.246,0.332,0.402,88.5,14.2,29,12.4,20.7,24.8,29.7,4.1,40,59.5,19,15.9,53.3,46.7,52.5,76.5,81,26.8,36.6,43.4,35.9,20.7,54.4
Realmuto, J.T.,2020,29,173,195,46,29,6,0,11,48,16,24.6,8.2,0.266,0.491,0.349,0.84,0.248,0.499,0.355,0.344,0.333,0.251,0.431,0.414,90.2,11.6,32.8,13.6,17.6,22.4,37.6,3.2,42.4,66.9,22.6,25.2,47.4,52.6,51.9,77.8,77.4,29.8,45.3,36,42.4,21.6,56.9
Casali, Curt,2020,32,76,93,17,8,3,0,6,29,14,31.2,15.1,0.224,0.5,0.366,0.866,0.188,0.352,0.366,0.302,0.336,0.164,0.473,0.346,88.6,22.1,40.4,6.4,21.3,34,19.1,4.3,42.6,62.1,21.1,18.6,50,50,52.1,73.3,78.9,28.2,39.5,46.8,36.2,17,58.1
Gordon, Alex,2020,36,163,184,34,26,4,0,4,37,18,20.1,9.8,0.209,0.307,0.299,0.606,0.227,0.348,0.271,0.289,0.316,0.121,0.28,0.306,82.8,11.6,34.1,3.2,20.6,25.4,31,15.9,25.4,72.3,18,23.6,35.6,64.4,52.1,77.3,82,22.6,47,42.1,37.3,20.6,56
Zimmer, Bradley,2020,28,37,50,6,5,0,0,1,14,7,28,14,0.162,0.243,0.36,0.603,0.128,0.206,0.294,0.277,0.339,0.078,0.262,0.224,84.1,16.4,20.8,4.2,12.5,41.7,29.2,8.3,16.7,69,28.3,17.5,59.1,40.9,59.2,73.7,71.7,36.6,38.5,41.7,8.3,50,56
Duvall, Adam,2020,32,190,209,45,21,8,0,16,54,15,25.8,7.2,0.237,0.532,0.301,0.833,0.227,0.515,0.342,0.324,0.293,0.287,0.431,0.404,88.1,22.9,30.7,13.9,16.1,37.2,22.6,4.4,40.1,66.6,18.7,32.5,43.3,56.7,51.6,78.2,81.3,27.1,49,45.3,29.9,24.8,65.1
La Stella, Tommy,2020,31,196,228,55,34,14,2,5,12,27,5.3,11.8,0.281,0.449,0.368,0.817,0.278,0.424,0.35,0.337,0.368,0.146,0.319,0.303,88,17.1,32.1,4.8,26.2,35.3,27.8,1.6,28.3,54.1,8.8,21.4,17.3,82.7,48.8,56.2,91.2,11.2,38.1,47.1,31,21.9,57.5
Iglesias, Jose,2020,30,142,150,53,33,17,0,3,17,3,11.3,2,0.373,0.556,0.4,0.956,0.358,0.5,0.401,0.37,0.387,0.143,0.438,0.401,86.2,7.6,43.7,3.2,36.5,17.5,30.2,6.3,36.5,61.9,7.2,34.4,28.4,71.6,48.7,65.1,92.8,14.5,48.5,38.1,36.5,25.4,59.3
Gardner, Brett,2020,37,130,158,29,18,5,1,5,35,26,22.2,16.5,0.223,0.392,0.354,0.747,0.224,0.366,0.327,0.316,0.355,0.143,0.343,0.325,89.2,15,35.4,5.2,18.8,30.2,30.2,7.3,36.5,57.9,16.6,16.7,50.9,49.1,50.5,64.3,83.4,24.4,37.1,31.3,41.7,27.1,53.8
Gyorko, Jedd,2020,32,117,135,29,17,3,0,9,38,15,28.1,11.1,0.248,0.504,0.333,0.838,0.25,0.508,0.345,0.342,0.337,0.257,0.443,0.437,88.6,15.3,35.8,16,22.2,21,29.6,6.2,43.2,60.4,21,25.8,54.5,45.5,52.7,72.2,79,31.8,42.2,40.7,37,22.2,58.5
Nunez, Renato,2020,26,195,216,50,28,10,0,12,64,17,29.6,7.9,0.256,0.492,0.324,0.816,0.228,0.433,0.341,0.301,0.298,0.205,0.453,0.388,86.3,21.1,37.9,12.1,19.7,35.6,22.7,5.3,36.4,66.7,24.1,40,38.5,61.5,54.6,71.9,75.9,30.1,52.1,45.5,31.1,23.5,67.1
Santana, Carlos,2020,34,206,255,41,26,7,0,8,43,47,16.9,18.4,0.199,0.35,0.349,0.699,0.253,0.45,0.311,0.36,0.395,0.197,0.285,0.359,88,12.2,32.3,6.7,23.2,23.2,34.1,3,36.6,60.8,15.8,16.5,35,65,55.7,80.5,84.2,20.7,36.2,42.7,35.4,22,52.2
Hernandez, Cesar,2020,30,233,261,66,43,20,0,3,57,24,21.8,9.2,0.283,0.408,0.352,0.76,0.27,0.391,0.33,0.317,0.344,0.121,0.384,0.365,89.1,5.6,37.3,4,28.2,16.9,36.7,7.3,37.3,63.3,10.1,22.3,47.5,52.5,50.8,76.4,89.9,20.1,42.5,37.9,35,27.1,61.7
Hicks, Aaron,2020,31,169,211,38,20,10,2,6,38,41,18,19.4,0.225,0.414,0.379,0.793,0.257,0.438,0.346,0.364,0.406,0.181,0.338,0.367,88.2,11.1,29.8,6.9,25.2,22.1,34.4,4.6,38.2,66.1,22.6,15.5,48,52,52.7,82,77.4,27.9,39.4,51.9,29.8,18.3,51.2
Holt, Brock,2020,32,95,106,20,14,6,0,0,24,9,22.6,8.5,0.211,0.274,0.283,0.557,0.226,0.291,0.249,0.262,0.298,0.066,0.271,0.29,84,10.5,27.8,1.4,27.8,27.8,37.5,2.8,18.1,60.5,13.5,22.7,36.5,63.5,49.6,70.7,86.5,19.7,41.8,27.8,40.3,31.9,56.6
Aguilar, Jesus,2020,30,188,216,52,34,10,0,8,40,23,18.5,10.6,0.277,0.457,0.352,0.809,0.273,0.456,0.342,0.333,0.35,0.183,0.377,0.365,89.3,16,37.5,7.2,28.3,27,29.6,2,37.5,63.5,13.7,32.1,38.4,61.6,51.6,76.9,86.3,22.3,47.3,40.1,30.3,29.6,55.1
Gallagher, Cam,2020,28,53,60,15,9,5,0,1,11,6,18.3,10,0.283,0.434,0.35,0.784,0.265,0.314,0.339,0.29,0.34,0.049,0.378,0.308,82.7,14.9,37.2,0,34.9,20.9,30.2,11.6,23.3,54.9,17.9,26.2,28.1,71.9,50,42.9,82.1,21.2,40.6,51.2,27.9,20.9,60
Dickerson, Corey,2020,31,194,210,50,37,5,1,7,35,15,16.7,7.1,0.258,0.402,0.31,0.712,0.254,0.402,0.303,0.3,0.308,0.148,0.336,0.332,85.7,11.1,25.8,5.7,26.4,25.2,33.3,5.7,30.8,73.9,23.3,33.1,30.8,69.2,50.2,89.1,76.7,25.7,53.4,26.4,39.6,34,59.5
Murphy, Sean,2020,26,116,140,27,15,5,0,7,37,24,26.4,17.1,0.233,0.457,0.364,0.821,0.219,0.442,0.352,0.335,0.353,0.223,0.414,0.384,92.2,14.7,31.6,12.7,22.8,22.8,35.4,1.3,49.4,64.4,17.7,19.5,47.5,52.5,51.9,82.2,82.3,25,41.1,30.4,44.3,25.3,51.4
Tucker, Cole,2020,24,109,116,24,20,3,0,1,31,5,26.7,4.3,0.22,0.275,0.25,0.525,0.198,0.259,0.23,0.215,0.231,0.061,0.291,0.269,83.1,13.3,25,2.5,23.8,30,36.3,6.3,25,64.8,18.1,27.4,59.3,40.7,50.2,89.7,81.9,30.5,46,35,43.8,21.3,61.2
Moran, Colin,2020,28,178,200,44,24,10,0,10,52,19,26,9.5,0.247,0.472,0.325,0.797,0.255,0.48,0.335,0.336,0.334,0.224,0.413,0.415,91.9,8.3,32.3,13.4,26,15.7,37.8,3.9,47.2,68.7,17.3,35.6,43.6,56.4,57.4,86.5,82.7,28.1,49.7,39.4,37,23.6,55
Haseley, Adam,2020,24,79,92,22,17,5,0,0,17,7,18.5,7.6,0.278,0.342,0.337,0.679,0.268,0.342,0.301,0.295,0.339,0.074,0.331,0.324,86.6,0.3,34.8,1.5,30.3,16.7,40.9,9.1,31.8,59.8,6.7,27.7,31.5,68.5,52.8,65,93.3,15.2,42.8,25.8,37.9,36.4,53.3
Piscotty, Stephen,2020,29,159,171,36,25,6,0,5,53,9,31,5.3,0.226,0.358,0.269,0.627,0.239,0.402,0.269,0.284,0.283,0.163,0.362,0.386,88.1,13.5,34.3,6.5,30.6,24.1,25.9,5.6,39.8,75.6,23.8,43,49.6,50.4,51.9,87.5,76.2,33.6,58.7,43.5,31.5,25,69
Schoop, Jonathan,2020,29,162,177,45,31,4,2,8,39,8,22,4.5,0.278,0.475,0.322,0.797,0.244,0.383,0.334,0.288,0.295,0.139,0.403,0.339,87.2,8.7,26.4,5.6,20,24,37.6,7.2,33.6,77.2,17.2,38.2,46.8,53.2,52.9,80.5,82.8,27.8,56.6,42.4,35.2,22.4,58.8
Freeman, Freddie,2020,31,214,262,73,36,23,1,13,37,45,14.1,17.2,0.341,0.64,0.462,1.102,0.341,0.66,0.449,0.441,0.462,0.32,0.486,0.476,92.4,17.2,49.2,14.7,31.6,26,20.9,1.7,54.2,78.1,15.2,25.7,31.3,68.7,57.1,90.8,84.8,20.1,48.2,39,29.4,31.6,54.6
Simmons, Andrelton,2020,31,118,127,35,28,7,0,0,16,8,12.6,6.3,0.297,0.356,0.346,0.702,0.241,0.284,0.308,0.261,0.295,0.043,0.322,0.264,86.5,6,27.5,0,25.5,21.6,50,2.9,31.4,64.5,11.6,28,27.9,72.1,48.9,71.9,88.4,16.3,46.6,35.3,41.2,23.5,66.9
Romine, Austin,2020,32,130,135,31,24,5,0,2,47,4,34.8,3,0.238,0.323,0.259,0.582,0.209,0.298,0.249,0.224,0.232,0.089,0.367,0.329,87.9,7.7,33.3,4.8,27.4,17.9,28.6,11.9,47.6,71.8,20.2,36.3,48,52,51.4,86,79.8,29.9,53.5,26.2,40.5,33.3,60
Pollock, AJ,2020,33,196,210,54,29,9,0,16,45,12,21.4,5.7,0.276,0.566,0.314,0.881,0.274,0.502,0.358,0.333,0.317,0.228,0.439,0.407,89.6,13,37.9,10.5,22.9,24.8,29.4,3.3,43.1,65.1,14.3,29.9,46.8,53.2,49.7,67.2,85.7,24.5,47.6,43.1,30.1,26.8,68.1
Merrifield, Whit,2020,31,248,265,70,49,12,0,9,33,12,12.5,4.5,0.282,0.44,0.325,0.764,0.292,0.44,0.324,0.324,0.334,0.148,0.346,0.346,86.1,15.8,39.8,5.1,28.7,30.6,25.5,5.6,27.3,71.4,11.5,27.8,27.5,72.5,51.2,80.7,88.5,16.2,49.1,27.8,44.4,27.8,60.4
O'Neill, Tyler,2020,25,139,157,24,12,5,0,7,43,15,27.4,9.6,0.173,0.36,0.261,0.621,0.196,0.376,0.267,0.28,0.282,0.18,0.31,0.332,88,15.1,23.7,8.2,15.5,32,30.9,5.2,39.2,68.5,28,25.2,48.2,51.8,53.1,79.6,72,33.9,45.5,41.2,29.9,28.9,65
Arauz, Jonathan,2020,22,72,80,18,15,2,0,1,21,8,26.3,10,0.25,0.319,0.325,0.644,0.288,0.351,0.287,0.311,0.359,0.063,0.342,0.379,85.6,9.4,41.2,0,51,11.8,29.4,2,25.5,57.7,12.8,27.3,40.4,59.6,51.3,62.5,87.2,22,42.1,49,31.4,19.6,57.5
Gurriel, Yuli,2020,36,211,230,49,30,12,1,6,27,12,11.7,5.2,0.232,0.384,0.274,0.658,0.268,0.413,0.276,0.308,0.317,0.145,0.285,0.323,89.3,13.9,34.4,3.7,26.5,29.6,30.2,1.6,36.5,66.2,6.3,34.3,30.4,69.6,54.6,63,93.7,15.6,48.8,33.3,38.1,28.6,65.7
Ahmed, Nick,2020,30,199,217,53,37,10,1,5,46,18,21.2,8.3,0.266,0.402,0.327,0.729,0.247,0.38,0.313,0.295,0.31,0.133,0.363,0.338,87.7,9.4,30.1,5.2,21.6,22.2,40.5,3.9,33.3,68.8,20.8,30.1,40.7,59.3,53.8,79.7,79.2,27.6,48,49.7,35.9,14.4,59
Kemp, Tony,2020,29,93,114,23,18,5,0,0,14,15,12.3,13.2,0.247,0.301,0.36,0.661,0.255,0.346,0.303,0.319,0.371,0.092,0.268,0.291,85.8,18.8,42.7,1.2,30.5,36.6,24.4,4.9,15.9,66.3,8.7,19,31.6,68.4,49,75.9,91.3,13.6,43.1,36.6,34.1,29.3,63.2
d'Arnaud, Travis,2020,31,165,184,53,36,8,0,9,50,16,27.2,8.7,0.321,0.533,0.386,0.919,0.304,0.538,0.386,0.37,0.371,0.234,0.504,0.481,93.4,8.1,42.2,11.2,32.8,14.7,31.9,1.7,57.8,67.9,21.7,31.8,51.4,48.6,48.8,88.7,78.3,30.9,50.3,36.2,37.1,26.7,67.9
Tromp, Chadwick,2020,25,61,64,13,8,1,0,4,20,1,31.3,1.6,0.213,0.426,0.219,0.645,0.19,0.356,0.26,0.224,0.202,0.166,0.371,0.318,90.1,10.1,25.6,9.3,23.3,30.2,37.2,0,37.2,68.1,27.2,30.8,52.8,47.2,46.4,71.4,72.8,34.4,50.8,48.8,44.2,7,73.4
Moncada, Yoan,2020,25,200,231,45,28,8,3,6,72,28,31.2,12.1,0.225,0.385,0.32,0.705,0.208,0.338,0.305,0.28,0.307,0.13,0.387,0.344,87.8,13.9,33.8,6.2,27.7,30.8,26.9,3.1,33.1,62.1,19.3,27.4,51.3,48.7,55.9,70.6,80.7,30.8,42.7,38.5,35.4,26.2,56.3
Bell, Josh,2020,28,195,223,44,33,3,0,8,59,22,26.5,9.9,0.226,0.364,0.305,0.669,0.229,0.382,0.282,0.289,0.309,0.153,0.342,0.354,91.7,5.9,24.3,8.6,22.9,19.3,43.6,2.1,42.9,72.3,25.5,26.9,49.3,50.7,58.2,76.9,74.5,33.6,45.9,36.4,37.1,26.4,49.3
Arcia, Orlando,2020,26,173,189,45,29,10,1,5,32,14,16.9,7.4,0.26,0.416,0.317,0.734,0.281,0.428,0.312,0.325,0.339,0.147,0.342,0.359,89,9.6,37.3,5.6,28.2,20.4,33.8,4.9,38.7,67.2,19.3,28,31.7,68.3,52.8,81,80.7,23.2,46.5,33.1,43.7,23.2,59.8
Davis, Chris,2020,34,52,55,6,3,3,0,0,17,3,30.9,5.5,0.115,0.173,0.164,0.337,0.148,0.214,0.151,0.182,0.196,0.066,0.179,0.227,85.8,6.2,25.7,2.9,20,28.6,40,2.9,22.9,71.2,27,37.4,53.5,46.5,52.5,100,73,36.8,53.4,42.9,40,17.1,58.2
Davis, Khris,2020,33,85,99,17,10,5,0,2,26,10,26.3,10.1,0.2,0.329,0.303,0.632,0.22,0.405,0.28,0.305,0.321,0.185,0.311,0.352,87.7,18.9,38.3,8.3,16.7,36.7,23.3,5,31.7,75.8,24.2,28.8,58.2,41.8,48,89.3,75.8,33,53.3,31.7,31.7,36.7,68.7
Rojas, Josh,2020,26,61,70,11,11,0,0,0,16,7,22.9,10,0.18,0.18,0.257,0.437,0.217,0.296,0.206,0.269,0.297,0.079,0.204,0.298,86,5.4,38.3,0,23.4,25.5,36.2,4.3,27.7,61.4,18.1,25.8,43.6,56.4,49.7,50,81.9,25.6,43.8,31.9,42.6,25.5,57.1
Diaz, Yandy,2020,29,114,138,35,30,3,0,2,17,23,12.3,16.7,0.307,0.386,0.428,0.814,0.251,0.33,0.362,0.322,0.383,0.079,0.347,0.29,88.3,-7.9,24.7,2.1,23.7,11.3,54.6,3.1,30.9,56.7,12.1,19.6,23.4,76.6,56.9,68.6,87.9,15.7,35.6,19.6,35.1,45.4,57.2
Torres, Gleyber,2020,24,136,160,33,22,8,0,3,28,22,17.5,13.8,0.243,0.368,0.356,0.724,0.243,0.379,0.321,0.32,0.358,0.136,0.321,0.321,88.6,14.9,33.3,3.7,25.9,32.4,27.8,2.8,38,66.9,21.9,20.2,45.8,54.2,53.2,69.8,78.1,28,42,38.9,34.3,26.9,52.5
Caratini, Victor,2020,27,116,132,28,20,7,0,1,31,12,23.5,9.1,0.241,0.328,0.333,0.661,0.219,0.323,0.293,0.276,0.313,0.104,0.328,0.303,87.9,6.2,25.9,3.5,24.7,21.2,37.6,4.7,36.5,61.8,15.9,20.6,44.1,55.9,53,67.7,84.1,23.6,39.9,32.9,48.2,18.8,58.3
Hernandez, Teoscar,2020,28,190,207,55,32,7,0,16,63,14,30.4,6.8,0.289,0.579,0.338,0.917,0.295,0.613,0.378,0.381,0.345,0.318,0.527,0.533,93.3,15.3,40.6,18,28.9,22.7,21.1,3.9,53.1,62.9,27.7,30.9,48.5,51.5,51.5,64.9,72.3,34.9,46.4,33.6,43.8,22.7,63.8
Lamb, Jake,2020,30,88,99,17,9,5,0,3,25,8,25.3,8.1,0.193,0.352,0.283,0.635,0.239,0.431,0.277,0.314,0.324,0.192,0.313,0.371,90.2,16.7,36.5,7.9,23.8,25.4,28.6,1.6,50.8,64.1,18.1,26.2,44.3,55.7,54.1,70,81.9,26.6,43.6,41.3,41.3,17.5,51.5
Verdugo, Alex,2020,24,201,221,62,40,16,0,6,45,17,20.4,7.7,0.308,0.478,0.367,0.844,0.239,0.373,0.356,0.291,0.306,0.134,0.42,0.329,87,5.9,31.2,6.4,23.6,19.1,42,3.8,34.4,57.9,12.7,27.5,31.5,68.5,50.1,68.8,87.3,18.8,42.7,33.8,42.7,23.6,52.9
France, Ty,2020,26,141,155,43,29,9,1,4,37,11,23.9,7.1,0.305,0.468,0.368,0.836,0.288,0.485,0.356,0.346,0.353,0.196,0.437,0.422,85.7,14.8,44.2,8.7,32.7,20.2,29.8,2.9,29.8,69.8,17.2,26.8,41.8,58.2,55.2,86.7,82.8,25.1,46.1,44.2,31.7,24,57.4
Plawecki, Kevin,2020,29,82,89,28,21,5,1,1,14,5,15.7,5.6,0.341,0.463,0.393,0.857,0.27,0.391,0.368,0.304,0.327,0.121,0.409,0.326,88.9,12.7,33.8,4.4,30.9,25,33.8,4.4,30.9,64.8,5.8,29.1,37.5,62.5,50.9,61.9,94.2,15.9,46.6,27.9,42.6,29.4,48.3
Barnhart, Tucker,2020,29,98,110,20,12,3,0,5,28,12,25.5,10.9,0.204,0.388,0.291,0.679,0.227,0.412,0.292,0.302,0.311,0.185,0.34,0.357,85.4,19.7,35.7,7.1,24.3,32.9,24.3,7.1,18.6,64.3,18.5,23,40.4,59.6,51.8,71.8,81.5,24.6,42.9,42.9,34.3,22.9,56.4
McMahon, Ryan,2020,26,172,193,37,21,6,1,9,66,18,34.2,9.3,0.215,0.419,0.295,0.714,0.206,0.393,0.303,0.287,0.288,0.188,0.416,0.39,90.1,9.2,27.1,11.2,23.4,20.6,37.4,0.9,43,67.5,22.3,26.7,54.9,45.1,50.3,88.7,77.7,31.6,47,38.3,31.8,29.9,58
Lewis, Kyle,2020,25,206,242,54,40,3,0,11,71,34,29.3,14,0.262,0.437,0.364,0.801,0.24,0.437,0.344,0.332,0.348,0.197,0.436,0.416,88.3,11.1,37.2,11.7,24.1,21.9,32.1,2.2,35,63.9,26.7,24.7,58.6,41.4,52.9,79.2,73.3,36.3,43.2,27,43.1,29.9,60.7
Molina, Yadier,2020,38,145,156,38,32,2,0,4,21,6,13.5,3.8,0.262,0.359,0.301,0.66,0.256,0.386,0.286,0.287,0.298,0.13,0.304,0.305,84.7,12.3,38.9,2.4,25.4,27.8,32.5,4,25.4,72.2,14.7,39.5,38.8,61.2,52.8,89.7,85.3,23.9,54.9,40.5,41.3,18.3,66
Harrison, Josh,2020,33,79,91,22,17,2,0,3,12,6,13.2,6.6,0.278,0.418,0.352,0.769,0.311,0.465,0.33,0.361,0.383,0.154,0.334,0.374,83.8,15.4,33.3,4.3,27.5,26.1,29,5.8,23.2,73,19.8,36.9,27.7,72.3,52.5,85,80.2,22.7,54,40.6,36.2,23.2,53.8
Wendle, Joey,2020,30,168,184,48,33,9,2,4,35,10,19,5.4,0.286,0.435,0.342,0.777,0.256,0.377,0.329,0.296,0.317,0.121,0.377,0.332,86.7,5.1,32.8,3.7,27.6,20.9,37.3,5.2,32.1,63.8,7.7,36.3,37.3,62.7,51.6,59.6,92.3,18.9,49.6,35.1,35.1,29.9,63.6
Vazquez, Christian,2020,30,173,189,49,33,9,0,7,43,16,22.8,8.5,0.283,0.457,0.344,0.801,0.224,0.36,0.34,0.277,0.29,0.136,0.41,0.317,88.4,14.4,33.1,4.6,23.1,30,32.3,3.1,40,64.8,19.2,31.4,30.2,69.8,51.5,70.2,80.8,22.9,47.6,35.4,35.4,29.2,59.3
Yelich, Christian,2020,29,200,247,41,21,7,1,12,76,46,30.8,18.6,0.205,0.43,0.356,0.786,0.25,0.476,0.337,0.365,0.394,0.226,0.416,0.472,94,7.1,32.3,12.1,28.2,15.3,33.1,1.6,55.6,58.1,21.9,17.6,61.6,38.4,57.9,66.1,78.1,33.6,34.6,33.9,37.1,29,50.6
Kelly, Carson,2020,26,122,129,27,17,5,0,5,29,6,22.5,4.7,0.221,0.385,0.264,0.649,0.222,0.362,0.275,0.261,0.264,0.14,0.329,0.31,86.3,16.7,32.3,4.3,25.8,29,29,4.3,34.4,63.7,22,23.7,42.6,57.4,45.1,69.2,78,26.8,45.7,45.2,32.3,22.6,57.4
Gallo, Joey,2020,27,193,226,35,17,8,0,10,79,29,35,12.8,0.181,0.378,0.301,0.679,0.19,0.413,0.292,0.3,0.309,0.223,0.385,0.401,91.2,26.8,28.9,14,16.7,40.4,18.4,5.3,43.9,66.3,29.7,19.2,66.3,33.7,48.4,78.5,70.3,37.5,43.5,48.2,28.9,22.8,54.9
Wong, Kolten,2020,30,181,208,48,41,4,2,1,30,20,14.4,9.6,0.265,0.326,0.346,0.672,0.241,0.311,0.3,0.286,0.329,0.07,0.3,0.281,86.5,10.8,31.2,0.6,26.6,22.7,40.3,5.8,26.6,64.1,10.7,23.3,30.1,69.9,52.1,69.6,89.3,16.2,42.9,27.3,40.3,32.5,56.7
Aquino, Aristides,2020,26,47,56,8,5,1,0,2,18,6,32.1,10.7,0.17,0.319,0.304,0.623,0.208,0.342,0.281,0.304,0.336,0.134,0.326,0.369,82.2,10.6,27.6,6.9,24.1,20.7,37.9,10.3,20.7,67.4,27.4,33.1,54.8,45.2,58,69.2,72.6,38.5,47.5,44.8,51.7,3.4,69.6
Castro, Starlin,2020,30,60,63,16,10,3,1,2,13,3,20.6,4.8,0.267,0.45,0.302,0.752,0.241,0.386,0.315,0.277,0.277,0.145,0.378,0.327,87.1,16.8,27.7,4.3,27.7,34,25.5,4.3,29.8,67.7,16.3,27.4,35.1,64.9,51.5,73.7,83.7,22,46.9,27.7,44.7,27.7,58.7
Maybin, Cameron,2020,33,93,101,23,13,8,1,1,25,7,24.8,6.9,0.247,0.387,0.307,0.694,0.243,0.38,0.298,0.293,0.304,0.137,0.361,0.355,87.8,8.9,26.5,5.9,26.5,20.6,39.7,2.9,35.3,69.2,21.2,21,64.3,35.7,50.3,78.8,78.8,31.3,45,44.1,41.2,14.7,57.4
Kiner-Falefa, Isiah,2020,25,211,228,59,49,4,3,3,32,14,14,6.1,0.28,0.37,0.329,0.699,0.26,0.34,0.303,0.287,0.312,0.08,0.322,0.302,87.2,0.8,22.2,2.2,27.2,16.7,47.2,3.9,31.1,65.9,9.5,27.2,32.7,67.3,47.8,72.5,90.5,15.8,47.4,32.8,39.4,27.8,61
Heineman, Tyler,2020,29,42,50,8,7,1,0,0,6,4,12,8,0.19,0.214,0.28,0.494,0.191,0.257,0.24,0.253,0.294,0.066,0.203,0.22,82.4,34.3,21.1,2.6,21.1,47.4,13.2,13.2,10.5,65.2,6.9,24.2,45.5,54.5,50.6,75,93.1,17.5,44.4,44.7,23.7,31.6,66
Kemp, Matt,2020,36,117,132,28,19,3,0,6,41,15,31.1,11.4,0.239,0.419,0.326,0.745,0.227,0.435,0.317,0.312,0.315,0.208,0.419,0.411,85.3,11.9,38.2,7.9,21.1,19.7,35.5,6.6,28.9,65.4,28.2,28.5,49.5,50.5,58.3,71.9,71.8,36.3,43.9,43.4,32.9,23.7,56.8
Dahl, David,2020,26,93,99,17,13,2,2,0,28,4,28.3,4,0.183,0.247,0.222,0.47,0.201,0.286,0.205,0.227,0.24,0.085,0.255,0.288,85.9,17,30.3,3,22.7,37.9,31.8,0,22.7,72.9,23.4,36.3,47.1,52.9,49.2,90.3,76.6,31.2,54.8,30.3,42.4,27.3,66.7
Hernandez, Enrique,2020,29,139,148,32,18,8,1,5,31,6,20.9,4.1,0.23,0.41,0.27,0.68,0.226,0.385,0.285,0.279,0.27,0.159,0.336,0.328,88.5,16.2,26.6,7.3,16.5,30.3,34.9,1.8,43.1,70.7,15.7,30.1,44.2,55.8,51.4,77.8,84.3,24.5,49.8,40.4,35.8,23.9,54.7
Segura, Jean,2020,30,192,217,51,37,5,2,7,45,23,20.7,10.6,0.266,0.422,0.346,0.767,0.25,0.39,0.328,0.307,0.333,0.14,0.374,0.344,87.7,11.2,31.8,6.1,25.7,25.7,32.4,6.8,38.5,64.4,16.2,30.9,33.3,66.7,54.4,69.4,83.8,22.4,46.2,27,41.9,31.1,64.1
Sisco, Chance,2020,25,98,121,21,13,4,0,4,41,17,33.9,14,0.214,0.378,0.364,0.741,0.197,0.383,0.33,0.317,0.349,0.186,0.42,0.391,88.8,20,45.6,12.3,22.8,28.1,24.6,5.3,36.8,68.8,27,20.5,69,31,52.8,73,73,37.5,43.3,47.4,26.3,26.3,58.7
Lowe, Nate,2020,25,67,76,15,9,2,0,4,28,9,36.8,11.8,0.224,0.433,0.316,0.749,0.232,0.379,0.309,0.291,0.323,0.147,0.462,0.428,88.9,7.1,41,15.4,28.2,10.3,33.3,5.1,43.6,58.1,26.7,20.7,37.9,62.1,47.5,55,73.3,29.4,40.3,35.9,38.5,25.6,57.9
Devers, Rafael,2020,24,232,248,61,33,16,1,11,67,13,27,5.2,0.263,0.483,0.31,0.793,0.259,0.465,0.331,0.318,0.307,0.207,0.431,0.411,93,10.6,33.3,12.1,22.4,24.2,34.5,0.6,43.6,73.6,27.1,38.4,39.4,60.6,54,74.6,72.9,31.8,54.6,35.8,43,21.2,64.9
Garcia, Jose,2020,22,67,68,13,13,0,0,0,26,1,38.2,1.5,0.194,0.194,0.206,0.4,0.208,0.284,0.176,0.213,0.219,0.076,0.276,0.336,86.6,7.7,31.7,2.4,31.7,26.8,31.7,4.9,36.6,66.4,32.1,40.6,50.8,49.2,56,73.7,67.9,40.3,52,48.8,36.6,14.6,72.1
Straw, Myles,2020,26,82,86,17,13,4,0,0,22,4,25.6,4.7,0.207,0.256,0.244,0.5,0.225,0.32,0.22,0.25,0.261,0.095,0.27,0.313,87.4,15.9,36.7,1.7,21.7,36.7,31.7,3.3,21.7,62.8,13.9,21.9,37.8,62.2,48,81.5,86.1,19.7,43.2,31.7,31.7,36.7,66.3
Vogt, Stephen,2020,36,72,81,12,6,5,0,1,18,8,22.2,9.9,0.167,0.278,0.247,0.525,0.185,0.317,0.232,0.252,0.265,0.133,0.241,0.271,87.3,21.2,23.6,3.6,18.2,43.6,27.3,0,30.9,58.4,12.2,31.6,33.3,66.7,49.7,55.6,87.8,19.6,45.1,45.5,36.4,18.2,61.7
Beaty, Matt,2020,27,50,54,11,8,1,0,2,14,2,25.9,3.7,0.22,0.36,0.278,0.638,0.234,0.336,0.275,0.269,0.291,0.101,0.335,0.325,90,7.9,38.9,2.8,30.6,25,36.1,0,41.7,71.3,16.7,25.3,57.1,42.9,45.1,84.6,83.3,25.8,50.5,36.1,41.7,22.2,63
Ervin, Phillip,2020,28,74,89,11,8,3,0,0,22,14,24.7,15.7,0.149,0.189,0.292,0.481,0.165,0.199,0.236,0.246,0.306,0.034,0.204,0.221,85.4,16,25,0,25,44.2,23.1,7.7,25,66,18.5,20.3,50,50,53.6,91.7,81.5,26.8,41.5,50,34.6,15.4,68.5
Rojas, Miguel,2020,31,125,143,38,23,10,1,4,18,16,12.6,11.2,0.304,0.496,0.392,0.888,0.278,0.39,0.373,0.323,0.37,0.111,0.388,0.322,87.3,11.9,38.3,0.9,27.1,27.1,31.8,3.7,31.8,56.6,13.8,22.8,25.4,74.6,51.9,62.5,86.2,17.3,39.1,36.4,40.2,23.4,59.4
Slater, Austin,2020,28,85,104,24,16,2,1,5,22,16,21.2,15.4,0.282,0.506,0.404,0.91,0.305,0.542,0.389,0.401,0.426,0.237,0.438,0.458,89.2,10.9,45.3,14.1,31.3,17.2,28.1,4.7,45.3,63.5,17.2,20,50,50,51,74.4,82.8,25.3,41.3,32.8,40.6,26.6,69.2
DeShields, Delino,2020,28,107,120,27,22,3,2,0,29,9,24.2,7.5,0.252,0.318,0.3,0.618,0.222,0.3,0.276,0.26,0.282,0.078,0.331,0.307,84,5.8,30.5,1.2,22,18.3,41.5,12.2,19.5,66.1,19.6,22.8,56.9,43.1,50,75,80.4,29.1,44.4,30.5,37.8,31.7,59.2
Adames, Willy,2020,25,185,205,48,24,15,1,8,74,20,36.1,9.8,0.259,0.481,0.332,0.813,0.229,0.395,0.341,0.295,0.305,0.165,0.506,0.421,88.8,12.5,36.9,9.9,23.4,22.5,30.6,3.6,40.5,69.1,31.2,26.3,56,44,53.4,81.8,68.8,38.7,46.2,51.4,28.8,19.8,62.4
Haggerty, Sam,2020,26,50,54,13,8,4,0,1,16,4,29.6,7.4,0.26,0.4,0.315,0.715,0.264,0.39,0.306,0.299,0.318,0.127,0.405,0.393,90.6,13,44.1,2.9,29.4,20.6,35.3,0,41.2,68.8,22.1,23.9,75,25,51.1,80,77.9,36.2,45.9,47.1,32.4,20.6,66.7
Tsutsugo, Yoshi,2020,29,157,185,31,17,5,1,8,50,26,27,14.1,0.197,0.395,0.314,0.708,0.212,0.42,0.304,0.311,0.326,0.208,0.351,0.363,90.2,17.2,25,9.3,23.1,26.9,32.4,2.8,47.2,62.8,21,17.2,31.1,68.9,50.8,79,79,23.2,39.7,33.3,37,29.6,58.9
Dozier, Hunter,2020,29,158,186,36,24,4,2,6,48,27,25.8,14.5,0.228,0.392,0.344,0.736,0.235,0.383,0.321,0.319,0.351,0.148,0.368,0.364,86.4,17,26.4,8.2,27.3,30,28.2,2.7,30.9,64.1,14.1,24.4,65.7,34.3,55.9,77.6,85.9,30.9,41.9,35.5,36.4,28.2,56.5
Torrens, Luis,2020,24,70,78,18,12,5,0,1,15,7,19.2,9,0.257,0.371,0.321,0.692,0.26,0.393,0.303,0.305,0.328,0.133,0.336,0.34,93,13.9,32.1,1.8,28.6,23.2,28.6,3.6,57.1,60.9,17.4,18.9,33.3,66.7,48.6,61.9,82.6,21,40.5,32.1,39.3,28.6,69.2
Arraez, Luis,2020,23,112,121,36,27,9,0,0,11,8,9.1,6.6,0.321,0.402,0.364,0.765,0.312,0.458,0.33,0.346,0.361,0.146,0.338,0.356,87.5,12.1,43.1,3.9,33.3,22.5,29.4,2.9,30.4,68.1,8,23.7,15.4,84.6,53.5,77.8,92,10.1,44.3,21.6,45.1,33.3,57
Kingery, Scott,2020,26,113,124,18,10,5,0,3,35,9,28.2,7.3,0.159,0.283,0.226,0.509,0.221,0.406,0.224,0.292,0.287,0.185,0.264,0.376,85.3,16.9,30.4,10.1,16.5,26.6,29.1,10.1,31.6,71.2,28,31.5,39.7,60.3,49.6,78,72,31.5,51.5,36.7,31.6,31.6,60.5
Rengifo, Luis,2020,23,90,106,14,12,1,0,1,26,14,24.5,13.2,0.156,0.2,0.264,0.464,0.184,0.253,0.224,0.254,0.295,0.069,0.212,0.263,87.6,3.8,21.2,1.5,18.2,25.8,42.4,9.1,33.3,60.2,14.6,24.3,48.1,51.9,50.7,65.6,85.4,24.5,42,45.5,31.8,22.7,63.2
Pence, Hunter,2020,37,52,56,5,2,0,1,2,15,3,26.8,5.4,0.096,0.25,0.161,0.411,0.24,0.443,0.177,0.307,0.295,0.203,0.193,0.391,87.6,4.2,32.4,8.1,21.6,16.2,45.9,0,45.9,73.9,20.6,36.2,52.6,47.4,53.3,83.3,79.4,32.1,53.8,35.1,40.5,24.3,58.9
Moreland, Mitch,2020,35,136,152,36,17,9,0,10,32,15,21.1,9.9,0.265,0.551,0.342,0.894,0.237,0.478,0.366,0.322,0.318,0.241,0.434,0.371,88.2,12.5,31.7,14.4,22.1,26.9,31.7,3.8,40.4,71,23.3,24.8,52,48,52.6,89.5,76.7,31.3,46.7,40.4,31.7,27.9,57.9
Cabrera, Asdrubal,2020,35,190,213,46,26,9,3,8,40,19,18.8,8.9,0.242,0.447,0.305,0.753,0.245,0.431,0.314,0.306,0.309,0.186,0.349,0.338,89.5,13.7,30.5,6.5,22.1,25.3,35.1,1.9,38.3,66.5,12.3,28.2,37.2,62.8,53.9,76.5,87.7,20.6,45.8,42.9,37,20.1,56.3
Smith, Dominic,2020,25,177,199,56,24,21,1,10,45,14,22.6,7,0.316,0.616,0.377,0.993,0.304,0.568,0.405,0.374,0.366,0.264,0.499,0.454,89.8,10.8,43,13.3,28.1,19.3,28.9,3.7,46.7,71.9,19.2,33.5,39.4,60.6,52,85.1,80.8,26,51.9,42.2,38.5,19.3,54.3
Upton, Justin,2020,33,147,166,30,16,5,0,9,43,11,25.9,6.6,0.204,0.422,0.289,0.711,0.229,0.43,0.302,0.315,0.317,0.201,0.357,0.378,91.7,18.6,25.7,8.6,22.9,32.4,28.6,1,43.8,63.7,20.9,22.2,57.5,42.5,48.2,74.5,79.1,29.9,43.7,44.8,35.2,20,58.4
Taylor, Michael A.,2020,29,92,99,18,7,6,0,5,27,6,27.3,6.1,0.196,0.424,0.253,0.676,0.231,0.481,0.282,0.315,0.285,0.251,0.355,0.406,89,12.4,27.7,15.4,13.8,26.2,38.5,4.6,36.9,71.5,22.4,23.3,48.9,51.1,49.1,82.6,77.6,28.7,47.8,38.5,38.5,23.1,71.7
Engel, Adam,2020,29,88,93,26,17,5,1,3,19,3,20.4,3.2,0.295,0.477,0.333,0.811,0.258,0.381,0.341,0.29,0.299,0.123,0.409,0.341,87.2,14,30.4,5.8,24.6,29,33.3,2.9,31.9,67.5,17.3,32.8,43.3,56.7,52.9,83.3,82.7,26.5,49.1,33.3,36.2,30.4,59.1
Sano, Miguel,2020,27,186,205,38,13,12,0,13,90,18,43.9,8.8,0.204,0.478,0.278,0.757,0.215,0.482,0.312,0.31,0.288,0.267,0.533,0.532,95.2,20.2,31.3,22.9,18.8,22.9,20.8,4.2,57.3,70.3,29.4,28,70.5,29.5,54.3,83,70.6,42.6,47.3,53.1,30.2,16.7,59.5
Mountcastle, Ryan,2020,23,126,140,42,32,5,0,5,30,11,21.4,7.9,0.333,0.492,0.386,0.878,0.268,0.434,0.371,0.319,0.327,0.166,0.445,0.37,87.4,10.8,34.7,7.1,27.6,29.6,28.6,5.1,41.8,81.4,22.3,39.9,42.5,57.5,54.4,76.9,77.7,29.7,58.8,29.6,40.8,29.6,64.3
Hoerner, Nico,2020,23,108,126,24,20,4,0,0,24,12,19,9.5,0.222,0.259,0.31,0.569,0.242,0.315,0.262,0.289,0.331,0.072,0.259,0.3,87.5,0.8,27.9,1.2,27.9,17.4,40.7,5.8,37.2,57.3,7.8,31.8,35.2,64.8,53,75,92.2,18.3,43.8,29.1,46.5,24.4,54.8
Hilliard, Sam,2020,26,105,114,22,12,2,2,6,42,9,36.8,7.9,0.21,0.438,0.272,0.71,0.191,0.346,0.296,0.257,0.256,0.155,0.438,0.369,88.3,10.8,20.6,9.5,22.2,20.6,33.3,7.9,44.4,65.7,28.8,29.3,59.2,40.8,52.6,72.3,71.2,38.9,46.5,46,33.3,20.6,55.3
Hampson, Garrett,2020,26,167,184,39,27,4,3,5,60,13,32.6,7.1,0.234,0.383,0.283,0.666,0.224,0.387,0.285,0.283,0.282,0.162,0.395,0.392,86.3,14.4,39.6,8.1,19.8,20.7,27.9,15.3,23.4,62.7,19.6,21.8,59,41,49.4,78.3,80.4,29.6,42.5,37.8,41.4,20.7,63.6
Grisham, Trent,2020,24,215,252,54,33,8,3,10,64,31,25.4,12.3,0.251,0.456,0.349,0.805,0.263,0.481,0.344,0.355,0.364,0.218,0.411,0.429,88.3,13.5,37.9,11.1,24.2,20.3,30.1,9.8,41.8,57.3,19.3,17.9,41.3,58.7,49.2,68.5,80.7,24.4,37.9,43.8,33.3,22.9,56.3
Stallings, Jacob,2020,31,125,143,31,21,7,0,3,40,15,28,10.5,0.248,0.376,0.322,0.698,0.211,0.331,0.305,0.271,0.296,0.12,0.379,0.324,88.6,12.4,33,4.5,23.9,29.5,29.5,5.7,37.5,59.4,14.7,20.5,54.4,45.6,53.7,66.7,85.3,26.1,38.5,37.5,28.4,34.1,58
Rosario, Eddie,2020,29,210,231,54,34,7,0,13,34,19,14.7,8.2,0.257,0.476,0.316,0.792,0.244,0.437,0.328,0.306,0.305,0.193,0.356,0.328,87.5,18.1,30.3,6.2,18.5,32.6,30.3,3.4,35.4,69.6,15.8,39.4,30.9,69.1,59.4,85.4,84.2,22.7,51.7,38.8,36.5,24.7,57.6
Castro, Willi,2020,23,129,140,45,33,4,2,6,38,7,27.1,5,0.349,0.55,0.379,0.929,0.299,0.498,0.387,0.343,0.336,0.199,0.519,0.453,85.3,11.3,38.3,9.6,31.9,19.1,28.7,6.4,31.9,72.8,20.3,38.7,48.2,51.8,53.2,76.3,79.7,30.8,54.7,39.4,38.3,22.3,59.3
Paredes, Isaac,2020,21,100,108,22,17,4,0,1,24,8,22.2,7.4,0.22,0.29,0.278,0.568,0.21,0.269,0.251,0.236,0.269,0.059,0.284,0.263,86.5,7.5,35.5,0,26.3,28.9,34.2,3.9,26.3,60.5,4.6,24.8,46.6,53.4,52.1,68.8,95.4,17.6,41.9,39.5,30.3,30.3,57.4
Grandal, Yasmani,2020,32,161,194,37,22,7,0,8,58,30,29.9,15.5,0.23,0.422,0.351,0.773,0.21,0.407,0.333,0.313,0.336,0.197,0.411,0.374,90.3,15.6,38.1,7.6,24.8,28.6,28.6,1,43.8,49.3,22.2,20.1,50,50,52.1,47.5,77.8,30.7,34.1,37.1,39,23.8,50
Castellanos, Nick,2020,28,218,242,49,22,11,2,14,69,19,28.5,7.9,0.225,0.486,0.298,0.784,0.273,0.542,0.324,0.356,0.342,0.269,0.418,0.471,91,16.5,39.3,16,26.7,24,24.7,1.3,46.7,73.2,19.9,35.9,55.8,44.2,57.5,78.9,80.1,34.2,51.8,34.7,44.7,20.7,61.6
Hechavarria, Adeiny,2020,31,59,63,15,12,3,0,0,12,4,19,6.3,0.254,0.305,0.302,0.607,0.219,0.258,0.267,0.237,0.268,0.04,0.3,0.259,82.9,11.2,21.3,0,23.4,36.2,38.3,2.1,23.4,77.2,12.6,39.6,38.1,61.9,46.3,92,87.4,20.4,59.8,34,31.9,34,71.4
Soto, Juan,2020,22,154,196,54,27,14,0,13,28,41,14.3,20.9,0.351,0.695,0.49,1.185,0.332,0.691,0.47,0.451,0.476,0.359,0.522,0.494,92.1,4.3,33.3,18.3,24.6,11.9,36.5,2.4,51.6,61.2,15.5,15.7,40.3,59.7,55.4,74.1,84.5,21.5,36,26.2,47.6,26.2,49.5
Votto, Joey,2020,37,186,223,42,23,8,0,11,43,37,19.3,16.6,0.226,0.446,0.354,0.8,0.254,0.484,0.342,0.356,0.378,0.229,0.357,0.379,87.4,15.4,36.4,9.1,21.7,28,28,3.5,35.7,57.3,17.2,17.2,38.1,61.9,52.8,68.1,82.8,22.5,36.2,40.6,35,24.5,57
VanMeter, Josh,2020,25,70,79,9,4,3,0,2,24,7,30.4,8.9,0.129,0.257,0.228,0.485,0.216,0.352,0.219,0.286,0.307,0.136,0.239,0.357,89,15.1,23.9,6.5,28.3,30.4,26.1,4.3,37,56.8,19.3,26.9,51.1,48.9,53,66.7,80.7,30.4,40.9,45.7,28.3,26.1,58.2
Anderson, Tim,2020,27,208,221,67,45,11,1,10,50,10,22.6,4.5,0.322,0.529,0.357,0.886,0.293,0.509,0.37,0.347,0.331,0.216,0.462,0.43,87.2,6.7,33.3,10.1,25.8,13.8,40.3,5,35.8,73.2,23.2,39.2,43.6,56.4,52.9,75.8,76.8,30.9,55.2,29.6,48.4,22,63.3
Inciarte, Ender,2020,30,116,131,22,18,2,1,1,25,12,19.1,9.2,0.19,0.25,0.26,0.51,0.211,0.262,0.23,0.248,0.284,0.051,0.232,0.258,78.2,8.4,29.8,1.1,17,34,35.1,12.8,6.4,65.1,20,27.2,34.8,65.2,47.2,86.7,80,24,47.2,35.1,41.5,23.4,63.4
Calhoun, Kole,2020,33,190,228,43,18,9,0,16,50,28,21.9,12.3,0.226,0.526,0.338,0.864,0.264,0.519,0.357,0.364,0.371,0.255,0.4,0.413,89.4,17,36.1,11.8,20.8,27.1,27.1,2.8,38.2,75.8,23.2,21.5,62.1,37.9,53.3,85.7,76.8,32.7,46.8,56.3,29.2,14.6,53.1
Harrison, Monte,2020,25,47,51,8,6,1,0,1,26,4,51,7.8,0.17,0.255,0.235,0.491,0.149,0.296,0.218,0.219,0.215,0.147,0.399,0.4,81.7,4,42.9,19,9.5,14.3,47.6,9.5,28.6,60.4,36.2,23.8,55.2,44.8,56,76.9,63.8,42.5,39.9,38.1,23.8,38.1,52.9
Trevino, Jose,2020,28,76,83,19,9,8,0,2,15,3,18.1,3.6,0.25,0.434,0.277,0.711,0.248,0.452,0.299,0.309,0.295,0.204,0.34,0.353,87.9,10.1,31.3,12.5,17.2,23.4,35.9,3.1,40.6,55.6,14.3,28.9,30.4,69.6,51.3,60,85.7,20,41.9,35.9,37.5,26.6,58.5
Stewart, DJ,2020,27,88,112,17,8,2,0,7,38,20,33.9,17.9,0.193,0.455,0.348,0.803,0.194,0.395,0.347,0.326,0.355,0.201,0.459,0.412,91.4,17.8,28.8,19.2,21.2,23.1,25,9.6,46.2,75,28.8,24,56.5,43.5,52.2,84.4,71.2,36,48.4,53.8,30.8,15.4,63.4
Edman, Tommy,2020,25,204,227,51,38,7,1,5,48,16,21.1,7,0.25,0.368,0.317,0.685,0.265,0.367,0.297,0.305,0.333,0.102,0.334,0.346,86.5,8.2,31,3.8,27.8,21.5,36.7,5.1,33.5,60.4,11.3,25.7,36.2,63.8,51.6,64.6,88.7,19.1,42.5,35.4,41.1,23.4,61.7
Kiermaier, Kevin,2020,30,138,159,30,19,5,3,3,42,20,26.4,12.6,0.217,0.362,0.321,0.683,0.249,0.376,0.297,0.316,0.348,0.127,0.344,0.376,87.7,-0.4,28.1,6.3,26,11.5,49,4.2,41.7,72.2,19.7,23.9,58.3,41.7,53.8,78.6,80.3,30.5,46.2,36.5,44.8,18.8,56
Peterson, Jace,2020,30,45,61,9,6,1,0,2,20,15,32.8,24.6,0.2,0.356,0.393,0.749,0.19,0.362,0.339,0.339,0.391,0.171,0.397,0.398,89.2,7.4,30.8,7.7,15.4,19.2,38.5,7.7,42.3,61.3,23.8,15.3,73.9,26.1,52.3,80,76.2,34.6,37.3,46.2,38.5,15.4,62.3
Braun, Ryan,2020,37,129,141,30,14,7,1,8,27,7,19.1,5,0.233,0.488,0.277,0.765,0.272,0.475,0.317,0.325,0.318,0.203,0.366,0.378,89.8,15.3,35.9,11.7,22.3,27.2,33,1.9,40.8,69.4,15.4,40,45.7,54.3,58.5,82.9,84.6,29,52.2,44.7,37.9,17.5,63.8
Markakis, Nick,2020,37,130,141,33,17,15,0,1,23,10,16.3,7.1,0.254,0.392,0.312,0.704,0.28,0.369,0.302,0.301,0.336,0.09,0.327,0.326,89,9.5,35.5,1.9,32.7,24.3,32.7,0.9,42.1,62.1,7.5,23,27.4,72.6,49.1,74.3,92.5,12.7,42.9,31.8,40.2,28,53.2
Severino, Pedro,2020,27,160,178,40,29,5,1,5,40,16,22.5,9,0.25,0.388,0.32,0.708,0.27,0.433,0.307,0.326,0.34,0.163,0.355,0.383,87.6,9.5,36.4,7.4,28.1,24.8,30.6,4.1,31.4,67,15.2,29.5,51.2,48.8,56.3,73.2,84.8,28.2,45.9,52.9,29.8,17.4,52.8
Reynolds, Bryan,2020,25,185,208,35,20,6,2,7,57,21,27.4,10.1,0.189,0.357,0.274,0.631,0.228,0.4,0.273,0.302,0.31,0.173,0.323,0.37,87.5,10.2,35.2,10.2,21.9,24.2,34.4,5.5,38.3,69.9,15.8,27.6,52.7,47.3,54.9,82.3,84.2,27.8,46.7,41.4,35.9,22.7,56.7
O'Hearn, Ryan,2020,27,113,132,22,14,6,0,2,37,18,28,13.6,0.195,0.301,0.303,0.604,0.231,0.388,0.265,0.307,0.337,0.157,0.303,0.376,90.7,11.9,32.5,6.5,29.9,19.5,31.2,3.9,44.2,63.6,22.3,22.8,48.5,51.5,53.3,81.3,77.7,29.9,41.9,39,39,22.1,49.2
Knapp, Andrew,2020,29,72,89,20,13,4,1,2,19,15,21.3,16.9,0.278,0.444,0.404,0.849,0.265,0.415,0.367,0.353,0.4,0.15,0.4,0.378,86.8,11.9,40.7,7.4,38.9,18.5,31.5,1.9,33.3,71.9,25,23,46.3,53.7,51.6,72,75,30.4,46.7,40.7,38.9,20.4,60.7
Gosselin, Phil,2020,32,92,102,23,15,5,0,3,27,10,26.5,9.8,0.25,0.402,0.324,0.726,0.237,0.362,0.309,0.286,0.312,0.125,0.384,0.349,85.3,13.8,36.9,6.2,24.6,24.6,26.2,9.2,29.2,59.7,20.2,23.8,35.2,64.8,54.3,53.1,79.8,25,40.2,33.8,40,26.2,56.9
Varsho, Daulton,2020,24,101,115,19,9,5,2,3,33,12,28.7,10.4,0.188,0.366,0.287,0.653,0.196,0.344,0.283,0.277,0.293,0.148,0.335,0.325,86.2,18.4,27.9,4.4,19.1,30.9,30.9,8.8,38.2,65.7,20,27.8,53,47,52.7,54.8,80,30.6,45.8,35.3,44.1,20.6,66.1
White, Evan,2020,24,182,202,32,17,7,0,8,84,18,41.6,8.9,0.176,0.346,0.252,0.599,0.189,0.383,0.257,0.277,0.269,0.193,0.392,0.432,91.7,13.7,27.3,14.1,20.2,23.2,31.3,3,52.5,63.1,28.9,24.3,62,38,49.6,68.9,71.1,38,43.8,40.4,37.4,22.2,63.4
Rendon, Anthony,2020,30,189,232,54,33,11,1,9,31,38,13.4,16.4,0.286,0.497,0.418,0.915,0.288,0.471,0.389,0.375,0.42,0.183,0.387,0.365,90.1,19.5,39.2,6.3,31.6,30.4,21.5,1.9,40.5,66.7,8.8,16.6,36.4,63.6,52.3,75.8,91.2,14.7,40.5,43,34.2,22.8,60.8
Bradley Jr., Jackie,2020,30,191,217,54,36,11,0,7,48,23,22.1,10.6,0.283,0.45,0.364,0.814,0.23,0.376,0.347,0.299,0.319,0.146,0.405,0.334,88.3,4.4,29.2,7.6,21.5,19.4,43.1,2.8,36.1,66.9,22.4,23.5,36.4,63.6,50.5,87.3,77.6,26.1,45,27.8,44.4,27.8,55.3
Pederson, Joc,2020,28,121,138,23,12,4,0,7,34,11,24.6,8,0.19,0.397,0.283,0.679,0.238,0.446,0.293,0.325,0.328,0.208,0.332,0.383,93,12.5,26.4,10.3,21.8,21.8,37.9,2.3,44.8,67,25.1,27.9,44.3,55.7,51.5,65.6,74.3,31,46.9,43.7,41.4,14.9,61.6
Walsh, Jared,2020,27,99,108,29,14,4,2,9,15,5,13.9,4.6,0.293,0.646,0.324,0.971,0.268,0.527,0.386,0.337,0.306,0.259,0.432,0.37,88.1,13.1,29.9,12.6,14.9,28.7,34.5,5.7,39.1,67.5,17.6,33.2,33.3,66.7,50.6,75,82.4,22.8,50.1,40.2,31,28.7,53.7
Dickerson, Alex,2020,30,151,170,45,24,10,1,10,30,16,17.6,9.4,0.298,0.576,0.371,0.947,0.272,0.5,0.39,0.346,0.349,0.228,0.442,0.383,90.9,17.8,30.3,10.7,25.4,29.5,27,2.5,44.3,72.8,15.4,31.5,38.5,61.5,54.5,84.8,84.6,23.3,50.3,36.9,35.2,27.9,50.9
Andujar, Miguel,2020,25,62,65,15,11,2,1,1,9,3,13.8,4.6,0.242,0.355,0.277,0.632,0.236,0.351,0.27,0.268,0.271,0.116,0.292,0.29,85.9,13.9,28.3,3.8,18.9,34,32.1,5.7,37.7,67.6,11,34.5,38.8,61.2,56.8,77.8,89,22.1,48.8,39.6,39.6,20.8,52.3
Hoskins, Rhys,2020,27,151,185,37,18,9,0,10,43,29,23.2,15.7,0.245,0.503,0.384,0.887,0.238,0.512,0.376,0.368,0.379,0.274,0.426,0.412,89.8,24.8,32.4,14.8,18.5,35.2,21.3,3.7,42.6,61,21,22.2,41.9,58.1,50.3,73,79,26.6,41.5,45.4,30.6,24.1,56.8
Naylor, Josh,2020,23,97,104,24,19,3,1,1,12,5,11.5,4.8,0.247,0.33,0.288,0.618,0.278,0.382,0.27,0.3,0.32,0.104,0.278,0.315,86.8,7.8,28.2,3.5,27.1,23.5,40,3.5,34.1,70.2,9.7,27,31.4,68.6,49.7,91.3,90.3,15.7,48.7,29.4,44.7,25.9,62.5
Arenado, Nolan,2020,29,182,201,46,29,9,0,8,20,15,10,7.5,0.253,0.434,0.303,0.738,0.236,0.389,0.303,0.275,0.289,0.153,0.311,0.278,87.8,19.1,27.1,5.4,19.3,41,27.1,3,33.7,66.2,9.5,32.4,32.8,67.2,53.7,72.1,90.5,17.9,48.1,39.8,36.1,24.1,59.2
Ford, Mike,2020,28,74,84,10,4,4,0,2,16,7,19,8.3,0.135,0.27,0.226,0.496,0.234,0.395,0.22,0.299,0.315,0.161,0.207,0.32,89.7,8.4,30.5,6.8,16.9,23.7,40.7,3.4,39,57.1,17.2,21.2,46.3,53.7,54.2,80,82.8,26.1,37.6,40.7,42.4,16.9,51.2
Choo, Shin-Soo,2020,38,110,127,26,18,3,0,5,33,13,26,10.2,0.236,0.4,0.323,0.723,0.251,0.454,0.307,0.324,0.336,0.203,0.367,0.394,90,11.4,38,10.1,25.3,19,30.4,7.6,35.4,60.2,26.8,20.1,50,50,51.4,69.2,73.2,32.9,39.6,35.4,34.2,30.4,53.5
Perez, Salvador,2020,30,150,156,50,27,12,0,11,36,3,23.1,1.9,0.333,0.633,0.353,0.986,0.325,0.624,0.403,0.387,0.347,0.299,0.517,0.496,91,14.2,41.7,13.9,27,17.4,27.8,2.6,47,79.3,16.2,43.5,41.4,58.6,57.2,73,83.8,26.9,58.8,41.7,40,18.3,65.4
Cronenworth, Jake,2020,26,172,192,49,27,15,3,4,30,18,15.6,9.4,0.285,0.477,0.354,0.831,0.324,0.541,0.35,0.383,0.39,0.217,0.378,0.422,89.8,10.6,37.8,10.5,26.6,19.6,33.6,3.5,42.7,58.1,10.3,19,38.8,61.2,46.8,73.1,89.7,16.7,39.8,30.1,39.9,30.1,64.1
Robles, Victor,2020,23,168,189,37,28,5,1,3,53,9,28,4.8,0.22,0.315,0.291,0.606,0.202,0.28,0.268,0.254,0.281,0.078,0.323,0.299,82.2,19,37.3,1.7,21.2,31.4,28.8,11.9,22.9,71.2,21.2,28.6,42.9,57.1,51.9,80.5,78.8,27.8,49.1,46.6,37.3,16.1,67.7
Camargo, Johan,2020,27,120,127,24,12,8,0,4,35,6,27.6,4.7,0.2,0.367,0.244,0.611,0.187,0.317,0.258,0.233,0.231,0.131,0.329,0.291,87.3,9.8,23.5,4.7,17.6,27.1,42.4,2.4,32.9,69.1,29.7,30.1,42.4,57.6,53.1,80,70.3,33.9,48.4,44.7,32.9,22.4,53.5
Cameron, Daz,2020,23,57,59,11,8,2,1,0,19,2,32.2,3.4,0.193,0.263,0.22,0.483,0.197,0.274,0.209,0.212,0.224,0.078,0.287,0.293,87.1,9.3,34.2,2.6,26.3,26.3,34.2,5.3,26.3,63.6,15.6,34.5,47.5,52.5,48.9,81.3,84.4,26.5,49.4,28.9,34.2,36.8,69.5
Jansen, Danny,2020,25,120,147,22,13,3,0,6,31,21,21.1,14.3,0.183,0.358,0.306,0.664,0.244,0.437,0.295,0.339,0.364,0.193,0.296,0.366,85.1,16.3,36.6,8.6,22.6,29,21.5,14,35.5,72.7,18.2,19.9,45.9,54.1,53.8,92.5,81.8,24.9,44.3,29,44.1,26.9,55.8
Franco, Maikel,2020,28,223,243,62,38,16,0,8,38,16,15.6,6.6,0.278,0.457,0.321,0.778,0.259,0.401,0.324,0.296,0.307,0.142,0.36,0.325,86.7,8.4,33.3,5.8,19.6,23.3,34.9,7.4,38.6,71.2,15.7,32.8,40.1,59.9,55.5,77.5,84.3,24.6,49.9,43.4,38.1,18.5,60.1
Sogard, Eric,2020,34,115,128,24,18,5,0,1,20,11,15.6,8.6,0.209,0.278,0.281,0.56,0.26,0.314,0.25,0.287,0.33,0.053,0.247,0.296,84.4,15.2,43.8,0,28.1,33.3,35.4,1,14.6,55,3.1,21.5,23.2,76.8,52.3,67.6,96.9,9.1,37.5,31.3,34.4,34.4,66.4
Diaz, Elias,2020,30,68,73,16,12,2,0,2,15,5,20.5,6.8,0.235,0.353,0.288,0.641,0.268,0.403,0.277,0.299,0.318,0.135,0.316,0.347,87.4,12.9,34,11.3,32.1,26.4,24.5,3.8,41.5,75,18.8,31,47.7,52.3,52.6,100,81.3,27.9,51.9,49.1,28.3,22.6,53.4
Stewart, Christin,2020,27,90,99,15,9,3,0,3,30,5,30.3,5.1,0.167,0.3,0.222,0.522,0.209,0.369,0.226,0.263,0.264,0.16,0.284,0.343,85.7,24.5,36.1,11.5,23,41,19.7,3.3,29.5,72.4,23.7,33,48.5,51.5,53.2,71.4,76.3,32.2,51.4,42.6,27.9,29.5,54.5
Hayes, Ke'Bryan,2020,23,85,95,32,18,7,2,5,20,9,21.1,9.5,0.376,0.682,0.442,1.124,0.3,0.497,0.457,0.356,0.375,0.197,0.568,0.426,92.8,7.4,35.4,9.2,26.2,13.8,33.8,4.6,55.4,63.4,6.3,28.2,40,60,54.9,82.6,93.7,18.1,44.1,26.2,40,33.8,55.8
Bohm, Alec,2020,24,160,180,54,39,11,0,4,36,16,20,8.9,0.338,0.481,0.4,0.881,0.286,0.464,0.375,0.343,0.355,0.178,0.437,0.391,90.2,4.8,34.9,10.3,23.8,15.1,46.8,0.8,46.8,70.7,16.6,25.2,48.2,51.8,51,86.8,83.4,25.2,47.5,28.6,46.8,24.6,63.9
Joyce, Matt,2020,36,127,148,32,26,4,0,2,41,20,27.7,13.5,0.252,0.331,0.351,0.682,0.226,0.337,0.305,0.3,0.335,0.11,0.361,0.353,86.7,12.5,36.8,3.4,31,26.4,24.1,5.7,32.2,66.2,23.9,25,51.2,48.8,55.8,82.5,76.1,32.7,43.2,41.4,36.8,21.8,57.4
Long Jr., Shed,2020,25,117,128,20,12,5,0,3,37,11,28.9,8.6,0.171,0.291,0.242,0.533,0.177,0.307,0.234,0.242,0.248,0.13,0.279,0.292,87.1,2.6,21.3,6.3,20,18.8,47.5,2.5,32.5,62.3,23.5,28.2,57.5,42.5,52,72.2,76.5,34.7,44.6,31.3,46.3,22.5,51.6
Lopes, Tim,2020,26,143,151,34,20,12,0,2,34,6,22.5,4,0.238,0.364,0.278,0.642,0.234,0.347,0.275,0.266,0.275,0.112,0.329,0.317,87.2,6.5,29.4,2.8,22,18.3,45,3.7,39.4,74.4,25.6,33,38.7,61.3,49.4,83.7,74.4,29.5,53.9,33.9,34.9,31.2,62.3
Gamel, Ben,2020,28,114,127,27,15,8,1,3,39,13,30.7,10.2,0.237,0.404,0.315,0.718,0.269,0.409,0.308,0.318,0.343,0.14,0.402,0.419,87.9,11.5,49.3,6.7,38.7,21.3,26.7,2.7,32,59.1,11.8,25.2,68.8,31.3,49.5,66.7,88.2,28.6,42.3,36,40,24,58.3
Jimenez, Eloy,2020,24,213,226,63,35,14,0,14,56,12,24.8,5.3,0.296,0.559,0.332,0.891,0.285,0.546,0.367,0.355,0.325,0.261,0.472,0.455,92.4,5.7,32.9,16.5,20.9,11.4,41.1,2.5,55.7,75.4,22.5,37.9,39.8,60.2,56,88.2,77.5,29.2,54.4,26.6,43.7,29.7,63.7
Wade, Tyler,2020,26,88,105,15,9,3,0,3,22,12,21,11.4,0.17,0.307,0.286,0.593,0.243,0.329,0.267,0.303,0.35,0.086,0.258,0.315,86.6,13.4,30.9,1.5,25,26.5,33.8,8.8,27.9,59,12.5,22,41,59,44.9,71.4,87.5,19.2,42.4,36.8,39.7,23.5,61
Solak, Nick,2020,25,209,233,56,44,10,0,2,42,18,18,7.7,0.268,0.344,0.326,0.671,0.264,0.391,0.293,0.311,0.326,0.127,0.318,0.342,89.9,9.4,27.5,4.7,22.8,26.3,36.8,2.3,40.4,63.5,9.6,24.4,43.6,56.4,50.4,63.9,90.4,19.1,43.8,32.7,38.6,28.7,66.5
Heineman, Scott,2020,28,52,54,8,4,3,0,1,11,2,20.4,3.7,0.154,0.269,0.185,0.454,0.208,0.321,0.194,0.235,0.237,0.113,0.221,0.276,87,8.3,26.8,4.9,19.5,26.8,41.5,2.4,31.7,66.3,8.2,37.4,51.4,48.6,51.8,66.7,91.8,24.5,51.3,31.7,39,29.3,70.4
Vogelbach, Daniel,2020,28,115,136,24,15,3,0,6,33,20,24.3,14.7,0.209,0.391,0.331,0.722,0.234,0.413,0.312,0.324,0.353,0.18,0.346,0.366,89.5,10.2,29.3,8.5,20.7,20.7,39,2.4,41.5,51,16.5,16.1,40.8,59.2,49.6,62.1,83.5,22.2,33.7,31.7,40.2,28,59.6
Mercado, Oscar,2020,26,86,93,11,9,1,0,1,27,5,29,5.4,0.128,0.174,0.172,0.346,0.159,0.226,0.157,0.19,0.203,0.067,0.183,0.234,88.2,14.4,18,1.6,16.4,39.3,34.4,3.3,32.8,70.5,17.1,26.8,63.3,36.7,50,78.8,82.9,29.8,48.6,36.1,45.9,18,69.9
Frazier, Todd,2020,34,157,172,37,23,9,1,4,42,11,24.4,6.4,0.236,0.382,0.302,0.684,0.227,0.373,0.295,0.281,0.296,0.147,0.35,0.33,87.8,20.5,33,5.2,22.6,36.5,24.3,2.6,31.3,62.1,19,28.5,41.1,58.9,55,67.4,81,26.9,43.6,40.9,41.7,17.4,58.7
Rizzo, Anthony,2020,31,203,243,45,28,6,0,11,38,28,15.6,11.5,0.222,0.414,0.342,0.755,0.266,0.412,0.321,0.339,0.382,0.146,0.317,0.343,87.7,16.7,34.7,7.8,26.9,31.7,23.4,4.8,34.7,55.7,9.8,31.6,32.9,67.1,55.5,64.8,90.2,19.4,42.3,43.1,35.3,21.6,54.7
Bruce, Jay,2020,33,96,103,19,7,4,2,6,24,7,23.3,6.8,0.198,0.469,0.252,0.721,0.237,0.473,0.292,0.306,0.289,0.236,0.356,0.376,89,15.3,31.9,9.7,22.2,27.8,25,5.6,38.9,82.5,18.8,27.4,56.7,43.3,53,92.9,81.3,29.1,53.3,45.8,33.3,20.8,60.2
Ramirez, Jose,2020,28,219,254,64,30,16,1,17,43,31,16.9,12.2,0.292,0.607,0.386,0.993,0.265,0.51,0.408,0.358,0.363,0.246,0.452,0.381,88.7,23.2,36.7,10.2,21.5,36.7,22.6,2.3,35.6,63.2,13.1,22.6,25.2,74.8,53.6,75,86.9,16.6,41.4,47.5,33.9,18.6,52.4
Tejeda, Anderson,2020,22,75,77,19,11,4,1,3,30,2,39,2.6,0.253,0.453,0.273,0.726,0.193,0.378,0.301,0.239,0.214,0.185,0.484,0.378,90.8,14.3,26.7,13.3,20,26.7,28.9,4.4,42.2,63.3,32.3,34.4,54.5,45.5,46.5,60,67.7,39.4,49.8,33.3,46.7,20,58.4
Seager, Kyle,2020,33,203,248,49,28,12,0,9,33,32,13.3,12.9,0.241,0.433,0.355,0.788,0.253,0.473,0.333,0.35,0.372,0.219,0.321,0.345,89.1,17.7,30.7,10.2,22.7,34.1,23.3,3.4,39.8,62.3,13.1,20.6,40,60,52.9,73.4,86.9,20.4,40.3,35.8,41.5,22.7,54
Cruz, Nelson,2020,40,185,214,56,34,6,0,16,58,25,27.1,11.7,0.303,0.595,0.397,0.992,0.269,0.543,0.405,0.363,0.369,0.273,0.535,0.468,91.6,9.4,39.4,15,23.6,18.1,34.6,3.1,47.2,68.3,22,30.8,56.3,43.8,55.2,75.9,78,34.2,47.6,29.1,43.3,27.6,55.6
Madrigal, Nick,2020,23,103,109,35,32,3,0,0,7,4,6.4,3.7,0.34,0.369,0.376,0.745,0.304,0.355,0.327,0.308,0.342,0.051,0.328,0.307,84,4.1,30.2,0,29.2,20.8,44.8,5.2,20.8,61.3,6.9,25.9,20,80,50,56.7,93.1,10.8,43.6,17.7,49,33.3,59.6
Espinal, Santiago,2020,26,60,66,16,12,4,0,0,16,4,24.2,6.1,0.267,0.333,0.303,0.636,0.247,0.35,0.278,0.273,0.293,0.104,0.34,0.333,87.3,14.5,45.7,2.2,30.4,26.1,28.3,6.5,28.3,72.5,19,23.4,46.7,53.3,48.1,81.8,81,25.4,48.9,45.7,39.1,15.2,65.2
Canha, Mark,2020,31,191,243,47,28,12,2,5,54,37,22.2,15.2,0.246,0.408,0.387,0.795,0.241,0.413,0.346,0.345,0.387,0.172,0.364,0.362,89.7,19.4,37.3,7.7,23.9,35.2,20.4,2.8,39.4,57.6,18.4,19.3,40,60,51.2,67.2,81.6,24,38,39.4,38.7,21.8,56.8
Blackmon, Charlie,2020,34,221,247,67,48,12,1,6,44,19,17.8,7.7,0.303,0.448,0.356,0.804,0.274,0.421,0.335,0.317,0.338,0.147,0.382,0.358,86.9,13.5,38.5,4.9,28.6,26.9,28,5.5,29.7,69.7,15.4,29.7,42.9,57.1,49.4,78.5,84.6,23.5,49.9,40.1,33.5,26.4,65.2
McBroom, Ryan,2020,28,81,85,20,11,3,0,6,30,4,35.3,4.7,0.247,0.506,0.282,0.789,0.217,0.457,0.325,0.287,0.254,0.239,0.487,0.424,89,20.1,29.4,13.7,19.6,35.3,25.5,2,31.4,63.3,25,31.4,57.8,42.2,56.4,76.5,75,37.6,45.5,25.5,39.2,35.3,57.6
Machin, Vimael,2020,27,63,71,13,11,2,0,0,10,8,14.1,11.3,0.206,0.238,0.296,0.534,0.293,0.397,0.247,0.331,0.372,0.104,0.226,0.339,89.9,6.4,35.8,0,34,13.2,41.5,1.9,43.4,67.9,13.2,25,41.2,58.8,50.4,90,86.8,20.8,46.3,22.6,30.2,47.2,56.3
Walker, Christian,2020,29,218,243,59,33,18,1,7,50,19,20.6,7.8,0.271,0.459,0.333,0.792,0.266,0.454,0.333,0.323,0.332,0.187,0.384,0.37,90.4,11.5,34.5,6.4,25.7,24,28.1,4.7,48.5,74.4,17.9,29.9,49.3,50.7,50.8,85.2,82.1,27.1,51.8,40.4,34.5,25.1,60.5
Avila, Alex,2020,33,49,62,9,6,2,0,1,22,11,35.5,17.7,0.184,0.286,0.355,0.641,0.197,0.327,0.3,0.31,0.365,0.131,0.355,0.377,85.3,12.6,51.9,3.7,22.2,29.6,14.8,14.8,40.7,58.9,26,14.7,66.7,33.3,53.6,80,74,35.1,35.2,33.3,37,29.6,50
Riddle, JT,2020,29,67,69,10,7,2,0,1,13,2,18.8,2.9,0.149,0.224,0.174,0.398,0.215,0.345,0.172,0.251,0.238,0.131,0.194,0.296,88.8,6.8,16.7,3.7,11.1,22.2,50,1.9,27.8,80,20.7,34.1,38.6,61.4,52.9,90.9,79.3,26.5,55.7,46.3,33.3,20.4,62.3
Chirinos, Robinson,2020,36,74,82,12,8,3,0,1,21,6,25.6,7.3,0.162,0.243,0.232,0.475,0.171,0.263,0.212,0.225,0.247,0.092,0.232,0.253,84.5,13.8,25.9,1.9,22.2,25.9,35.2,3.7,24.1,68.4,24.7,31.8,42.9,57.1,56.4,38.5,75.3,31.5,47.8,37,40.7,22.2,63.4
Fuentes, Josh,2020,27,98,103,30,21,7,0,2,29,2,28.2,1.9,0.306,0.439,0.32,0.759,0.253,0.339,0.318,0.259,0.272,0.086,0.432,0.346,84,10.6,39.4,1.4,38,18.3,28.2,8.5,23.9,72.8,14.2,38.8,42.1,57.9,51.6,87.5,85.8,24.3,55.3,42.3,26.8,31,62.1
Riley, Austin,2020,23,188,206,45,29,7,1,8,49,16,23.8,7.8,0.239,0.415,0.301,0.716,0.262,0.471,0.302,0.325,0.322,0.209,0.363,0.397,91,13.6,30.7,10,24.3,24.3,32.9,2.1,42.9,77.7,20.8,32.4,50.8,49.2,51.9,90.3,79.2,30.1,54.2,41.4,31.4,27.1,65
Sierra, Magneuris,2020,24,44,53,11,7,3,1,0,9,5,17,9.4,0.25,0.364,0.321,0.684,0.237,0.289,0.303,0.292,0.335,0.052,0.313,0.298,83.7,3.8,31.6,0,23.7,21.1,42.1,10.5,18.4,53.9,6.3,29.1,32.4,67.6,56.8,62.5,93.8,17.1,39.8,26.3,36.8,36.8,62.3
Swanson, Dansby,2020,26,237,264,65,40,15,0,10,71,22,26.9,8.3,0.274,0.464,0.345,0.809,0.266,0.471,0.343,0.337,0.34,0.205,0.434,0.426,89.1,14.7,40.7,11.4,30.5,25.1,25.1,2.4,40.7,70.7,26.1,24,47.7,52.3,50.4,81.9,73.9,31.6,47.2,34.7,41.3,24,58
Marte, Starling,2020,32,228,250,64,43,14,1,6,41,12,16.4,4.8,0.281,0.43,0.34,0.77,0.261,0.412,0.328,0.313,0.323,0.151,0.36,0.34,87.1,6.5,30.3,6.4,21.3,20.7,42,4.3,30.3,72.3,15,34.1,45,55,53.2,81.4,85,25.5,52,37.8,37.2,25,67.2
Guzman, Ronald,2020,26,78,86,19,13,1,1,4,24,7,27.9,8.1,0.244,0.436,0.314,0.75,0.237,0.419,0.318,0.304,0.308,0.182,0.404,0.382,86.3,6,37,7.4,27.8,24.1,33.3,7.4,33.3,74.7,23.9,33.9,45.2,54.8,55.6,82.4,76.1,31.6,52,37,44.4,18.5,67.4
Adell, Jo,2020,21,124,132,20,13,4,0,3,55,7,41.7,5.3,0.161,0.266,0.212,0.478,0.175,0.291,0.209,0.222,0.226,0.116,0.319,0.347,90.6,11.4,30.4,4.3,18.8,27.5,34.8,0,36.2,70.4,35.4,34,54,46,53.7,86,64.6,42.1,50.8,36.2,31.9,31.9,65.9
Lowe, Brandon,2020,26,193,224,52,27,9,2,14,58,25,25.9,11.2,0.269,0.554,0.362,0.916,0.264,0.555,0.379,0.369,0.358,0.291,0.472,0.457,89.8,18.1,37.2,17.5,20.4,26.3,25.5,4.4,43.1,72.6,28,20.9,63,37,49.9,83.8,72,35.8,46.8,40.9,36.5,22.6,58
Polanco, Gregory,2020,29,157,174,24,11,6,0,7,65,13,37.4,7.5,0.153,0.325,0.213,0.537,0.222,0.414,0.228,0.284,0.28,0.192,0.321,0.423,92.9,20.8,36.8,12.6,28.4,30.5,16.8,3.2,51.6,72.7,32.9,34.4,59.6,40.4,56.3,83.3,67.1,43,51.1,44.2,35.8,20,63.2
Laureano, Ramon,2020,26,183,222,39,24,8,1,6,58,24,26.1,10.8,0.213,0.366,0.338,0.704,0.235,0.41,0.311,0.331,0.357,0.175,0.342,0.377,87.7,12.3,34.4,9.4,21.9,27.3,30.5,6.3,34.4,57.3,15.3,23.4,48.6,51.4,50.2,61,84.7,25,40.2,38.3,35.9,25.8,58.1
Margot, Manuel,2020,26,145,159,39,29,9,0,1,25,13,15.7,8.2,0.269,0.352,0.327,0.679,0.255,0.377,0.296,0.3,0.315,0.121,0.315,0.32,89.4,7.5,32.2,4.1,18.2,21.5,42.1,6.6,33.9,62.5,15.8,31,38.7,61.3,51.5,74.4,84.2,23.7,46.3,50.4,33.1,16.5,64.2
Newman, Kevin,2020,27,156,172,35,29,5,0,1,21,12,12.2,7,0.224,0.276,0.279,0.555,0.254,0.336,0.247,0.283,0.311,0.082,0.243,0.288,85.5,8.7,32.6,0.7,21,26.8,35.5,8,28.3,60.2,5.7,27.7,32.6,67.4,51.8,64.7,94.3,14.6,43.4,29.7,39.9,30.4,64.5
Alberto, Hanser,2020,28,219,231,62,44,15,0,3,30,5,13,2.2,0.283,0.393,0.303,0.696,0.247,0.322,0.297,0.255,0.272,0.076,0.326,0.276,82.3,13.2,32.6,1,27.5,22.8,32.1,12.4,20.7,74.2,11.3,51.3,23.9,76.1,54.6,77.1,88.7,17.1,61.7,35.8,40.4,23.8,64.1
Chapman, Matt,2020,27,142,152,33,12,9,2,10,54,8,35.5,5.3,0.232,0.535,0.276,0.812,0.245,0.539,0.33,0.329,0.29,0.294,0.493,0.496,93.6,24.1,40.4,18,20.2,34.8,15.7,1.1,51.7,64.9,28,25,57.3,42.7,50.2,77.4,72,36.2,44.9,46.1,28.1,25.8,56.6
Dubon, Mauricio,2020,26,157,177,43,34,4,1,4,36,15,20.3,8.5,0.274,0.389,0.333,0.722,0.257,0.403,0.313,0.305,0.324,0.146,0.356,0.344,86.2,16.7,40.3,4,29,33.1,22.6,6.5,30.6,75.8,18.5,32.8,37.2,62.8,50.7,84.8,81.5,24.3,54,37.1,32.3,30.6,63.8
Ruiz, Rio,2020,26,185,204,41,21,11,0,9,46,17,22.5,8.3,0.222,0.427,0.284,0.711,0.216,0.359,0.298,0.267,0.281,0.144,0.351,0.307,87.9,10.5,27.7,8.5,17.7,27,33.3,6.4,39,77.8,19.7,28.1,47,53,51.9,84.8,80.3,27.3,52,42.6,29.8,27.7,60.3
Phillips, Brett,2020,26,51,59,10,6,0,2,2,15,8,25.4,13.6,0.196,0.392,0.305,0.697,0.231,0.351,0.3,0.3,0.335,0.12,0.338,0.338,84.9,13.7,44.4,8.3,16.7,36.1,27.8,8.3,22.2,66.7,35.4,17.8,39.1,60.9,51.2,75,64.6,36.2,41.7,50,41.7,8.3,62.7
Adams, Matt,2020,32,49,51,9,5,2,0,2,18,2,35.3,3.9,0.184,0.347,0.216,0.563,0.199,0.382,0.236,0.25,0.23,0.183,0.344,0.367,90.1,21.4,32.3,9.7,19.4,35.5,22.6,3.2,45.2,72.4,19.7,33.7,51.4,48.6,49.8,66.7,80.3,29.7,53.1,38.7,41.9,19.4,58.8
Buxton, Byron,2020,27,130,135,33,17,3,0,13,36,2,26.7,1.5,0.254,0.577,0.267,0.844,0.249,0.551,0.339,0.32,0.262,0.301,0.455,0.429,91.2,23.6,25,13.5,17.7,32.3,25,2.1,47.9,79,18.6,48.9,45.8,54.2,49.4,85.4,81.4,28.9,64.1,46.9,31.3,21.9,70.4
Jay, Jon,2020,35,50,57,8,6,1,0,1,12,3,21.1,5.3,0.16,0.24,0.211,0.451,0.221,0.36,0.196,0.266,0.271,0.138,0.204,0.302,84.8,12.4,41.5,4.9,14.6,29.3,36.6,4.9,26.8,61.5,13.4,35.4,37.1,62.9,47.6,58.8,86.6,21.6,49,26.8,46.3,26.8,59.6
Grichuk, Randal,2020,29,216,231,59,38,9,0,12,49,13,21.2,5.6,0.273,0.481,0.312,0.793,0.27,0.469,0.329,0.32,0.313,0.199,0.398,0.387,88.9,12.6,27.2,11.2,24.3,23.7,29,4.1,39.6,70.6,17.2,34.2,34.2,65.8,51.9,75.7,82.8,23.1,51.7,42,27.2,30.8,63.2
DeJong, Paul,2020,27,152,174,38,29,6,0,3,50,17,28.7,9.8,0.25,0.349,0.322,0.671,0.24,0.408,0.292,0.303,0.316,0.168,0.362,0.38,89.2,21.7,41.5,7.5,23.6,38.7,21.7,0.9,40.6,75.3,20.9,24.3,64.4,35.6,52.5,78.1,79.1,32.3,48.5,42.5,33,24.5,59.8
Bichette, Bo,2020,22,123,128,37,22,9,1,5,27,5,21.1,3.9,0.301,0.512,0.328,0.84,0.291,0.523,0.347,0.337,0.319,0.232,0.43,0.417,89.2,12,37.5,12.5,26,19.8,28.1,4.2,40.6,71.5,9.2,43.4,40.6,59.4,51.7,74.4,90.8,21.6,57,32.3,33.3,34.4,71.9
Perez, Michael,2020,28,84,93,14,10,3,0,1,27,7,29,7.5,0.167,0.238,0.237,0.475,0.232,0.404,0.213,0.289,0.296,0.172,0.246,0.367,87.3,14.5,48.3,10.3,24.1,31,29.3,0,32.8,65.4,21.4,28.3,49.1,50.9,51.1,79.2,78.6,30,46.4,44.8,36.2,19,54.8
Smith, Will,2020,25,114,137,33,16,9,0,8,22,20,16.1,14.6,0.289,0.579,0.401,0.98,0.289,0.538,0.404,0.386,0.407,0.249,0.434,0.409,90.8,24.2,41.9,12.9,24.7,35.5,14,3.2,47.3,62.3,11.9,15.3,29.2,70.8,51.3,63.4,88.1,15.5,38.2,39.8,35.5,24.7,51.8
Solano, Donovan,2020,33,190,203,62,43,15,1,3,39,10,19.2,4.9,0.326,0.463,0.365,0.828,0.281,0.419,0.351,0.307,0.322,0.138,0.415,0.355,88.5,15.5,43.4,4.6,31.6,30.3,22.4,2.6,34.9,68.7,13.3,36.1,37.4,62.6,51.6,78.3,86.7,22,51.9,33.6,36.8,29.6,69
Turner, Trea,2020,27,233,259,78,47,15,4,12,36,22,13.9,8.5,0.335,0.588,0.394,0.982,0.307,0.521,0.406,0.372,0.372,0.214,0.445,0.401,90.5,9.5,34.2,9.5,23.6,22.1,36.2,1,40.7,67.9,13.5,27.1,34,66,51.5,80.4,86.5,19.6,46.9,26.6,41.2,32.2,64.5
McCutchen, Andrew,2020,34,217,241,55,36,9,0,10,48,22,19.9,9.1,0.253,0.433,0.324,0.757,0.277,0.485,0.322,0.343,0.347,0.207,0.363,0.394,89.7,18.2,36.5,8.2,27.6,27.6,24.7,1.8,41.2,58.8,16.4,21.4,38.2,61.8,48.9,65.9,83.6,22,40.6,41.8,35.9,22.4,55.2
Tauchman, Mike,2020,30,95,111,23,17,6,0,0,26,14,23.4,12.6,0.242,0.305,0.342,0.648,0.253,0.327,0.281,0.293,0.353,0.074,0.316,0.334,84.9,10.6,34.3,1.4,30,22.9,38.6,1.4,24.3,68.1,23.5,21.2,46.9,53.1,49.3,77.1,76.5,28.9,45,20,34.3,45.7,53.2
Urshela, Gio,2020,29,151,174,45,28,11,0,6,25,18,14.4,10.3,0.298,0.49,0.368,0.858,0.315,0.494,0.359,0.364,0.387,0.179,0.38,0.386,91.4,12.3,38.5,6.9,30.8,24.6,29.2,0.8,40.8,70.6,13.6,27.6,36.3,63.7,52.1,85.7,86.4,20.3,48.2,33.8,34.6,31.5,60.3
Taveras, Leody,2020,22,119,134,27,16,6,1,4,43,14,32.1,10.4,0.227,0.395,0.306,0.701,0.23,0.374,0.302,0.291,0.311,0.144,0.401,0.383,88.9,14.3,42.9,6.5,27.3,23.4,27.3,6.5,41.6,64,25.2,29.8,39.5,60.5,55,74.2,74.8,30.4,45.1,40.3,39,20.8,68.7
Valaika, Pat,2020,28,141,150,39,27,4,0,8,34,8,22.7,5.3,0.277,0.475,0.313,0.789,0.264,0.463,0.332,0.314,0.304,0.199,0.41,0.386,88.7,18.2,38.9,8.3,25.9,26.9,23.1,6.5,34.3,70,16.7,33.9,50.9,49.1,54.9,79.6,83.3,29.4,50.2,33.3,38,28.7,54.7
Estrada, Thairo,2020,24,48,52,8,7,0,0,1,19,1,36.5,1.9,0.167,0.229,0.231,0.46,0.202,0.295,0.209,0.248,0.263,0.093,0.277,0.347,83.5,2.9,24.1,3.4,27.6,13.8,41.4,10.3,27.6,76.5,22.7,41.5,40.9,59.1,52,76.2,77.3,29.4,58.3,34.5,44.8,20.7,59.6
Panik, Joe,2020,30,120,141,27,20,6,0,1,27,20,19.1,14.2,0.225,0.3,0.34,0.64,0.25,0.356,0.292,0.316,0.363,0.106,0.286,0.323,87.5,9.3,34.4,1.1,31.2,22.6,34.4,2.2,33.3,62.7,12.2,18.2,36.5,63.5,53.5,70.7,87.8,18.3,38.9,44.1,32.3,23.7,55.3
Seager, Corey,2020,26,212,232,65,37,12,1,15,37,17,15.9,7.3,0.307,0.585,0.358,0.943,0.33,0.653,0.387,0.41,0.381,0.323,0.437,0.468,93.2,11.9,38.4,15.8,19.8,19.8,26.6,3.4,55.9,82.2,14.2,30.3,56,44,51.2,97.7,85.8,25.8,55.6,37.9,36.7,25.4,63.4
Odor, Rougned,2020,26,138,148,23,9,4,0,10,47,7,31.8,4.7,0.167,0.413,0.209,0.623,0.193,0.421,0.254,0.266,0.239,0.228,0.345,0.366,86,20.7,28,11.8,16.1,34.4,21.5,8.6,32.3,66.1,15.2,33.4,47.5,52.5,49.8,69,84.8,26,49.8,43,36.6,20.4,66.9
Nola, Austin,2020,31,161,184,44,27,9,1,7,34,18,18.5,9.8,0.273,0.472,0.353,0.825,0.279,0.463,0.347,0.343,0.361,0.184,0.384,0.379,89.7,12.5,40.3,7.8,28.7,24,27.9,4.7,43.4,62.5,16,16.3,36.8,63.2,47.9,75,84,20.1,40.4,40.3,39.5,20.2,60.9
Sanchez, Gary,2020,28,156,178,23,9,4,0,10,64,18,36,10.1,0.147,0.365,0.253,0.618,0.193,0.431,0.266,0.299,0.294,0.237,0.349,0.414,91.8,19.2,29.3,17.4,15.2,31.5,23.9,4.3,50,61.7,22.1,29.1,54.4,45.6,55.4,61.8,77.9,34,43.7,52.2,28.3,19.6,56.7
Ozuna, Marcell,2020,30,228,267,77,45,14,0,18,60,38,22.5,14.2,0.338,0.636,0.431,1.067,0.315,0.638,0.437,0.417,0.412,0.323,0.539,0.509,93,16.4,39.1,15.4,30.2,22.5,21.3,2.4,54.4,68.5,21,28.3,51.8,48.2,55.3,73.8,79,31.4,46.3,42.6,33.1,24.3,55.4
Goldschmidt, Paul,2020,33,191,231,58,39,13,0,6,43,37,18.6,16,0.304,0.466,0.416,0.882,0.287,0.513,0.381,0.38,0.404,0.226,0.412,0.411,89.2,11.7,42.3,10.7,25.5,22.1,30.9,3.4,40.9,61.1,19.6,22.5,33.3,66.7,53.2,80,80.4,23.7,40.6,33.6,34.9,31.5,55.8
Bemboom, Anthony,2020,30,48,60,10,6,1,0,3,13,7,21.7,11.7,0.208,0.417,0.317,0.733,0.198,0.315,0.319,0.287,0.323,0.117,0.34,0.288,86.7,11.8,36.8,2.6,15.8,23.7,36.8,7.9,28.9,58.1,14.7,22.6,41.7,58.3,47.5,76.9,85.3,21.7,41.3,31.6,39.5,28.9,61.7
Quinn, Roman,2020,27,108,116,23,17,3,1,2,39,5,33.6,4.3,0.213,0.315,0.259,0.573,0.201,0.275,0.25,0.235,0.251,0.074,0.346,0.322,85.8,9.7,22.9,2.9,24.3,18.6,31.4,18.6,25.7,68.5,18.6,25.1,68.6,31.4,44.7,76.3,81.4,30,49.1,41.4,40,18.6,57.8
Ward, Taylor,2020,27,94,102,26,18,6,2,0,28,8,27.5,7.8,0.277,0.383,0.333,0.716,0.251,0.4,0.309,0.297,0.309,0.149,0.394,0.376,91.1,10.4,31.8,4.5,24.2,24.2,31.8,4.5,47,62.2,13.1,24.2,54.5,45.5,46.5,78.1,86.9,23.6,44.5,19.7,45.5,34.8,58.8
Gregorius, Didi,2020,30,215,237,61,39,10,2,10,28,15,11.8,6.3,0.284,0.488,0.338,0.826,0.261,0.396,0.342,0.298,0.32,0.135,0.363,0.309,83.8,17.8,35.3,4.2,22.1,33.2,24.7,8.4,27.9,73.8,13.3,32.3,32.2,67.8,50.1,71.6,86.7,19,53,42.6,27.4,30,61.6
Suarez, Eugenio,2020,29,198,231,40,17,8,0,15,67,30,29,13,0.202,0.47,0.312,0.781,0.218,0.475,0.326,0.328,0.326,0.258,0.406,0.41,89.1,17.9,29.5,14.4,15.9,32.6,27.3,4.5,44.7,63.3,21.7,23.9,53.4,46.6,54.8,68.9,78.3,31.7,41.7,51.5,31.1,17.4,62.3
Barnes, Austin,2020,31,86,104,21,17,3,0,1,24,13,23.1,12.5,0.244,0.314,0.346,0.66,0.194,0.281,0.302,0.269,0.31,0.088,0.324,0.27,86.9,16.2,21.5,1.5,23.1,33.8,29.2,7.7,35.4,70.9,22.6,16.3,36.7,63.3,47.2,74.2,77.4,25,45.1,33.8,47.7,18.5,53.8
Nottingham, Jacob,2020,25,48,54,9,4,1,0,4,20,5,37,9.3,0.188,0.458,0.278,0.736,0.193,0.402,0.308,0.289,0.283,0.208,0.445,0.408,87,20.1,28.6,14.3,21.4,21.4,35.7,7.1,39.3,73.6,25.6,30.8,64.9,35.1,53.1,85.7,74.4,38.3,50.9,53.6,28.6,17.9,59.3
Betts, Mookie,2020,28,219,246,64,38,9,1,16,38,24,15.4,9.8,0.292,0.562,0.366,0.927,0.285,0.487,0.383,0.349,0.36,0.203,0.421,0.375,90.7,18.5,40.1,7.7,23.6,31.3,23.6,1.6,43.4,58.1,6.7,23.1,31.5,68.5,50.2,65.8,93.3,13.8,40.5,37.4,34.1,28,68.7
Voit, Luke,2020,29,213,234,59,32,5,0,22,54,17,23.1,7.3,0.277,0.61,0.338,0.948,0.284,0.593,0.387,0.374,0.345,0.31,0.479,0.461,88.9,15.2,37.5,13.1,23.8,25,25,5.6,40,79,19.2,27.5,49.6,50.4,52.3,88.1,80.8,27.6,52.1,51.3,28.1,20.6,65.8
Candelario, Jeimer,2020,27,185,206,55,34,11,3,7,49,20,23.8,9.7,0.297,0.503,0.369,0.872,0.277,0.469,0.367,0.34,0.351,0.192,0.45,0.409,90.2,13.3,37.5,10.3,28.7,21.3,26.5,5.9,47.1,67.5,16.7,26,51.7,48.3,54.7,87.2,83.3,27.8,44.8,39.7,42.6,17.6,61.2
Naquin, Tyler,2020,29,133,141,29,16,8,1,4,40,5,28.4,3.5,0.218,0.383,0.248,0.632,0.268,0.474,0.263,0.313,0.297,0.206,0.347,0.423,91.7,13,34.7,9.5,26.3,21.1,30.5,3.2,51.6,80.1,25.4,35.7,42.3,57.7,52,75,74.6,30.9,57,31.6,38.9,29.5,61
Hosmer, Eric,2020,31,143,156,41,26,6,0,9,28,9,17.9,5.8,0.287,0.517,0.333,0.851,0.291,0.521,0.353,0.354,0.34,0.23,0.405,0.406,90.8,8.7,33.3,10.3,26.5,17.9,35.9,1.7,47,69,14.4,34,30.5,69.5,54.2,74.1,85.6,20.4,50,35,41,23.9,64.1
McCann, James,2020,30,97,111,28,18,3,0,7,30,8,27,7.2,0.289,0.536,0.36,0.896,0.258,0.455,0.372,0.329,0.338,0.198,0.477,0.407,90.5,15,40.6,8.7,29,26.1,27.5,2.9,47.8,67.4,18.8,27.4,54,46,51,69.2,81.2,29.2,47,30.4,37.7,31.9,59.5
Guerrero Jr., Vladimir,2020,21,221,243,58,34,13,2,9,38,20,15.6,8.2,0.262,0.462,0.329,0.791,0.263,0.441,0.333,0.321,0.33,0.177,0.36,0.345,92.5,4.6,29.5,8.7,19.7,20.2,43.7,1.1,50.8,74.2,17.4,24.5,44.1,55.9,53,87.1,82.6,24.7,47.9,37.7,37.7,24.6,57.2
Zunino, Mike,2020,29,75,84,11,3,4,0,4,37,6,44,7.1,0.147,0.36,0.238,0.598,0.148,0.368,0.256,0.251,0.24,0.22,0.401,0.394,87.5,26.9,34.2,15.8,10.5,42.1,15.8,5.3,36.8,66.3,33.9,31.5,50.7,49.3,55.8,83.3,66.1,40.2,46.9,44.7,34.2,21.1,59.5
Starling, Bubba,2020,28,59,64,10,8,1,0,1,27,4,42.2,6.3,0.169,0.237,0.219,0.456,0.186,0.242,0.201,0.214,0.237,0.056,0.307,0.332,84.2,8.1,36.4,3,24.2,21.2,30.3,15.2,30.3,61.7,24.1,36.6,60.4,39.6,50.6,87.5,75.9,37.8,49,36.4,51.5,12.1,70.3
Mullins, Cedric,2020,26,140,153,38,28,4,3,3,37,8,24.2,5.2,0.271,0.407,0.307,0.714,0.209,0.296,0.308,0.243,0.258,0.086,0.385,0.291,88.6,15.6,23.4,2.8,21.5,25.2,28,17.8,31.8,66.2,18.6,30.7,31.6,68.4,51.3,68.6,81.4,22.8,48,39.3,29.9,30.8,59.5
Kepler, Max,2020,27,171,196,39,21,9,0,9,36,22,18.4,11.2,0.228,0.439,0.321,0.76,0.258,0.428,0.323,0.329,0.35,0.169,0.343,0.352,88.5,21.9,30.9,5.1,28.7,34.6,19.9,2.9,38.2,66.5,11.2,24.1,47.4,52.6,51.2,84.7,88.8,21.2,44.8,42.6,32.4,25,61.2
Arroyo, Christian,2020,25,50,54,12,8,1,0,3,11,4,20.4,7.4,0.24,0.44,0.296,0.736,0.217,0.402,0.31,0.285,0.275,0.185,0.359,0.324,89.9,7.8,23.1,7.7,15.4,25.6,41,5.1,41,75.3,15.7,30.4,48.4,51.6,52.3,78.6,84.3,25.7,51.8,38.5,48.7,12.8,55.6
Biggio, Cavan,2020,25,220,265,55,31,16,0,8,61,41,23,15.5,0.25,0.432,0.374,0.805,0.215,0.347,0.35,0.307,0.346,0.131,0.39,0.319,87.4,16.7,31.4,5,22,30.8,28.3,5,30.8,58.7,18.2,13.6,44.7,55.3,50.2,72.5,81.8,23.2,36.1,47.2,32.1,20.8,49.8
Reddick, Josh,2020,33,188,210,46,30,11,1,4,42,20,20,9.5,0.245,0.378,0.314,0.692,0.247,0.36,0.299,0.291,0.32,0.112,0.332,0.32,85.9,19.1,34.7,4.8,28.6,32.7,27.2,1.4,29.3,68.3,16.2,25.6,39.1,60.9,51.3,73.2,83.5,22.7,46.4,40.1,39.5,20.4,61.9
Tapia, Raimel,2020,26,184,206,59,48,8,2,1,38,14,18.4,6.8,0.321,0.402,0.364,0.766,0.252,0.33,0.333,0.286,0.312,0.078,0.379,0.315,85.3,1.8,28.7,2,25.3,16,47.3,6,30,70.8,12.6,30.2,33.9,66.1,49.8,76.7,87.4,18.9,50.6,16.7,40.7,42.7,57.3
Gonzalez, Erik,2020,29,181,193,41,24,13,1,3,51,8,26.4,4.1,0.227,0.359,0.254,0.613,0.239,0.396,0.258,0.283,0.278,0.157,0.331,0.368,88.5,5.5,33.6,6.7,23.9,17.2,39.6,3.7,44,74.2,19.1,35,56.1,43.9,53.1,75,80.9,32,53.4,32.1,38.1,29.9,62.7
Hays, Austin,2020,25,122,134,34,28,2,0,4,25,8,18.7,6,0.279,0.393,0.328,0.722,0.246,0.355,0.31,0.282,0.3,0.109,0.349,0.312,87,11,27.3,4,21.2,25.3,42.4,2,31.3,61.6,10.3,35.3,34,66,55.9,65.6,89.7,20.2,46.9,37.4,41.4,21.2,67.2
Jones, JaCoby,2020,28,97,108,26,12,9,0,5,34,7,31.5,6.5,0.268,0.515,0.333,0.849,0.238,0.425,0.353,0.308,0.309,0.187,0.486,0.411,89.5,11,35.9,10.9,20.3,23.4,34.4,3.1,45.3,57.2,23.6,26.3,53.1,46.9,53.1,60.7,76.4,33.7,40.8,37.5,39.1,23.4,59.3
Akiyama, Shogo,2020,32,155,183,38,31,6,1,0,34,25,18.6,13.7,0.245,0.297,0.355,0.652,0.245,0.325,0.299,0.309,0.357,0.081,0.296,0.31,85.1,2.9,34.7,0.8,24.8,19,45.5,4.1,26.4,61.4,13.4,23.6,34.4,65.6,49.6,71.9,86.6,19.1,42.6,23.1,38.8,38,61.7
Gimenez, Andres,2020,22,118,132,31,23,3,2,3,28,7,21.2,5.3,0.263,0.398,0.333,0.732,0.246,0.361,0.318,0.296,0.319,0.115,0.358,0.325,86.8,13.5,30.8,3.3,22,29.7,37.4,3.3,26.4,73.2,18,30.8,40.5,59.5,54.5,78.6,82,25.5,50.1,48.4,27.5,24.2,65.6
Meadows, Austin,2020,25,132,152,27,14,8,1,4,50,17,32.9,11.2,0.205,0.371,0.296,0.667,0.182,0.341,0.287,0.263,0.278,0.159,0.371,0.329,90.1,24.4,27.4,7.1,20.2,40.5,15.5,1.2,42.9,67.5,23.8,26.9,48.4,51.6,52.7,60,76.2,31.4,46.1,41.7,39.3,19,64.5
Garver, Mitch,2020,29,72,81,12,9,1,0,2,37,7,45.7,8.6,0.167,0.264,0.247,0.511,0.174,0.287,0.228,0.231,0.253,0.113,0.359,0.367,92.4,18.6,30.6,8.3,33.3,36.1,13.9,2.8,50,57.5,29,16.1,75,25,51.7,56.3,71,39.6,36.1,58.3,25,16.7,49.4
Castro, Harold,2020,27,49,54,17,13,4,0,0,11,5,20.4,9.3,0.347,0.429,0.407,0.836,0.277,0.414,0.363,0.321,0.344,0.137,0.426,0.365,89,11.6,44.7,2.6,31.6,21.1,36.8,2.6,36.8,69.1,15.8,34.2,41,59,50.9,75,84.2,24.3,51.3,21.1,42.1,36.8,63
Reyes, Victor,2020,26,202,213,56,43,7,2,4,45,9,21.1,4.2,0.277,0.391,0.315,0.706,0.287,0.428,0.302,0.317,0.324,0.141,0.361,0.381,90,10.7,39.5,3.8,30.6,21,34.4,3.2,41.4,68.9,18.8,41.6,37.2,62.8,54.3,67.2,81.2,26.5,54.1,33.8,35,31.2,61.5
Bellinger, Cody,2020,25,213,243,51,29,10,0,12,42,30,17.3,12.3,0.239,0.455,0.333,0.789,0.284,0.497,0.332,0.36,0.374,0.213,0.355,0.394,89.3,16.6,29.2,9.4,26.9,28.1,24,2.9,41.5,68.1,19.6,27.9,31.9,68.1,51.1,76.4,80.4,23.3,47.6,41.5,38.6,19.9,54.7
Crawford, Brandon,2020,33,172,193,44,24,12,0,8,47,15,24.4,7.8,0.256,0.465,0.326,0.792,0.238,0.402,0.329,0.298,0.313,0.164,0.402,0.355,88.7,12.4,35.4,9.4,22,26,36.2,0.8,39.4,78.1,21.7,31.7,55.1,44.9,50.8,81.7,78.3,31.6,54.5,46.5,40.2,13.4,64.8
Correa, Carlos,2020,26,201,221,53,39,9,0,5,49,16,22.2,7.2,0.264,0.383,0.326,0.709,0.256,0.406,0.305,0.306,0.322,0.149,0.357,0.359,88.6,11.4,26.8,5.9,27.5,21.6,36.6,1.3,41.8,65.7,14.4,31.8,40.8,59.2,55,78.1,85.6,24.2,47.1,49,28.1,22.9,60
Santana, Danny,2020,30,55,63,8,3,4,0,1,24,7,38.1,11.1,0.145,0.273,0.238,0.511,0.185,0.351,0.226,0.273,0.281,0.166,0.294,0.387,90.9,14.7,28.1,9.4,25,21.9,34.4,0,46.9,69.4,37.2,28.7,48.7,51.3,52.3,93.8,62.8,40.8,48.1,50,31.3,18.8,66.7
Contreras, Willson,2020,28,189,225,46,29,10,0,7,57,20,25.3,8.9,0.243,0.407,0.356,0.763,0.249,0.441,0.331,0.341,0.361,0.192,0.38,0.397,89.8,9.1,35.8,10.4,20.9,20.9,34.3,6.7,47.8,67.6,21.3,31.1,56.1,43.9,54.6,73.8,78.7,33.7,47.6,37.3,37.3,25.4,63.6
Bogaerts, Xander,2020,28,203,225,61,42,8,0,11,41,21,18.2,9.3,0.3,0.502,0.364,0.867,0.259,0.472,0.362,0.327,0.327,0.213,0.415,0.367,89,8.7,31.3,8.6,20.2,27,35,3.1,36.8,64.2,17.4,23.8,37.6,62.4,50.9,74.2,82.6,23,43.6,37.4,36.8,25.8,58.7
Locastro, Tim,2020,28,69,82,20,13,4,1,2,14,8,17.1,9.8,0.29,0.464,0.39,0.854,0.268,0.378,0.37,0.335,0.377,0.11,0.392,0.341,85.6,17.3,39.3,1.8,26.8,32.1,21.4,10.7,21.4,57.1,10.7,29.8,19.6,80.4,53.8,51.4,89.3,14.1,42.5,33.9,32.1,33.9,58.5
Dietrich, Derek,2020,31,61,75,12,6,1,0,5,21,9,28,12,0.197,0.459,0.347,0.806,0.24,0.48,0.346,0.362,0.382,0.24,0.403,0.434,85.4,12.6,47.5,12.5,20,20,32.5,5,35,67.1,24,29,53.3,46.7,51,80,76,33.1,47.7,30,35,35,60
Garcia, Luis,2020,20,134,139,37,29,6,0,2,29,5,20.9,3.6,0.276,0.366,0.302,0.668,0.268,0.378,0.287,0.286,0.294,0.11,0.347,0.345,83.5,-3.6,27.6,4.8,27.6,10.5,47.6,6.7,29.5,73.5,22.9,30.5,41.2,58.8,55.2,71,77.1,29.1,49.7,37.1,29.5,33.3,61.2
Tatis Jr., Fernando,2020,21,224,257,62,32,11,2,17,61,27,23.7,10.5,0.277,0.571,0.366,0.937,0.298,0.612,0.386,0.404,0.387,0.313,0.471,0.499,95.9,8.7,32.3,19.5,20.1,14.6,37.2,0.6,62.2,71.7,23.8,25.6,38.7,61.3,54.3,80,76.2,28.2,46.7,36.6,40.9,22.6,62.3
Pinder, Chad,2020,28,56,61,13,8,3,0,2,13,5,21.3,8.2,0.232,0.393,0.295,0.688,0.247,0.456,0.294,0.319,0.308,0.209,0.337,0.373,92.3,13.7,18.6,9.3,23.3,23.3,39.5,0,44.2,75.9,12.5,25,51.9,48.1,48.2,95.2,87.5,21.7,51.3,39.5,32.6,27.9,67.2
Springer, George,2020,31,189,222,50,28,6,2,14,38,24,17.1,10.8,0.265,0.54,0.356,0.896,0.294,0.57,0.373,0.387,0.385,0.276,0.404,0.425,88.7,18.3,35.3,12.4,22.9,29.4,24.2,3.9,42.5,74,19.2,23.6,42.6,57.4,52.1,88.9,80.4,25.3,47.7,43.8,37.9,18.3,59
Rios, Edwin,2020,26,76,83,19,5,6,0,8,18,4,21.7,4.8,0.25,0.645,0.301,0.946,0.285,0.639,0.378,0.382,0.334,0.355,0.461,0.468,91.5,14.5,40.7,13.6,20.3,23.7,23.7,5.1,45.8,67.8,21.6,33.3,64,36,51.2,83.3,78.4,36.1,50.2,44.1,30.5,25.4,62.7
Cano, Robinson,2020,38,171,182,54,35,9,0,10,24,9,13.2,4.9,0.316,0.544,0.352,0.896,0.301,0.487,0.37,0.341,0.341,0.186,0.411,0.375,90.4,6.2,31.8,7.4,25,14.2,39.9,4.7,46.6,76.3,9.6,42,35.3,64.7,54.7,78.4,90.4,19.8,57.5,37.2,37.8,25,64.3
Bryant, Kris,2020,28,131,147,27,17,5,1,4,40,12,27.2,8.2,0.206,0.351,0.293,0.644,0.202,0.348,0.281,0.275,0.289,0.146,0.331,0.321,86.1,20.7,34.1,5.5,20.9,33,24.2,6.6,31.9,74.4,22,23.8,50,50,53.2,86.5,78,29.5,47.5,38.5,38.5,23.1,57.8
Alfaro, Jorge,2020,27,93,100,21,16,2,0,3,36,4,36,4,0.226,0.344,0.28,0.624,0.223,0.383,0.267,0.275,0.277,0.161,0.389,0.404,89.2,2.8,31.6,7,29.8,17.5,33.3,5.3,49.1,80.1,28.9,44.5,60,40,55.8,100,71.1,41.7,60.2,17.5,38.6,43.9,59
Perez, Roberto,2020,32,97,110,16,13,2,0,1,38,11,34.5,10,0.165,0.216,0.264,0.48,0.201,0.283,0.225,0.26,0.295,0.083,0.266,0.331,86,-2.5,23.7,3.4,30.5,11.9,39,10.2,32.2,52.7,26.8,15.6,42.9,57.1,46.1,63.3,73.2,30.1,35.6,32.2,39,28.8,52.7
Greiner, Grayson,2020,28,51,55,6,1,2,0,3,20,3,36.4,5.5,0.118,0.333,0.182,0.515,0.187,0.386,0.217,0.261,0.247,0.198,0.294,0.373,90.4,25.7,22.6,9.7,22.6,35.5,16.1,3.2,45.2,69.8,24.3,27.3,50,50,50.9,87,75.7,31.7,48.1,54.8,22.6,22.6,70.9
Machado, Manny,2020,28,224,254,68,39,12,1,16,37,26,14.6,10.2,0.304,0.58,0.37,0.95,0.304,0.539,0.385,0.368,0.375,0.235,0.425,0.403,90.2,15.6,34.6,11,27.7,29.3,25.7,2.1,43.5,71.5,14.7,24.1,40.7,59.3,52.4,83.3,85.3,21.7,46.7,44.5,30.4,25.1,63.8
Mondesi, Adalberto,2020,25,219,233,56,36,11,3,6,70,11,30,4.7,0.256,0.416,0.292,0.707,0.208,0.348,0.3,0.255,0.249,0.14,0.409,0.341,90.6,13.7,19.9,7.3,18.5,27.2,33.1,10.6,39.1,75.8,31.9,34.8,56.3,43.7,53.6,76.9,68.1,40.4,53.8,44.4,30.5,25.2,61.8
Tucker, Kyle,2020,23,209,228,56,29,12,6,9,46,18,20.2,7.9,0.268,0.512,0.325,0.837,0.267,0.459,0.343,0.318,0.323,0.192,0.405,0.371,91.1,14.9,34.1,9.1,24.4,29.9,28,1.8,44.5,77.3,17.4,26.3,36.1,63.9,52.6,91,82.6,22.5,50.5,47,34.1,18.9,57
Vargas, Ildemaro,2020,29,51,54,10,7,1,1,1,10,2,18.5,3.7,0.196,0.314,0.222,0.536,0.206,0.29,0.225,0.227,0.234,0.084,0.257,0.259,85.3,2.1,23.8,2.4,21.4,16.7,54.8,2.4,28.6,56.9,9.1,28.3,38.2,61.8,50.8,63.6,90.9,19,42.4,38.1,45.2,16.7,46.3
Brosseau, Mike,2020,26,86,98,26,15,5,1,5,31,8,31.6,8.2,0.302,0.558,0.378,0.936,0.225,0.42,0.388,0.306,0.311,0.195,0.542,0.401,90.9,15.1,37.5,8.9,26.8,26.8,26.8,3.6,42.9,62.9,32.5,27.2,44.2,55.8,50.7,76.7,67.5,36.1,44.8,46.4,30.4,23.2,56.1
Kendrick, Howie,2020,37,91,100,25,19,4,0,2,17,7,17,7,0.275,0.385,0.32,0.705,0.284,0.452,0.293,0.32,0.335,0.168,0.333,0.367,88.8,7.3,39.5,6.6,30.3,15.8,35.5,5.3,39.5,65.9,12.3,35.7,35.2,64.8,51.8,51.9,87.7,20.7,50.3,30.3,46.1,23.7,62
Marmolejos, Jose,2020,27,107,115,22,12,4,0,6,32,7,27.8,6.1,0.206,0.411,0.261,0.672,0.233,0.446,0.283,0.3,0.287,0.213,0.359,0.388,90.5,10.5,33.3,12,20,24,34.7,4,45.3,61,19.2,29.5,58.6,41.4,52.7,68.6,80.8,33,44.4,38.7,42.7,18.7,60
Smith, Dwight,2020,28,63,72,14,9,3,0,2,19,7,26.4,9.7,0.222,0.365,0.306,0.671,0.198,0.31,0.285,0.254,0.287,0.111,0.341,0.293,89.9,8.1,22.2,6.7,20,26.7,40,0,44.4,58.1,13.9,25.2,52.6,47.4,52.6,72.2,86.1,26.5,40.8,44.4,33.3,22.2,56.9
Chavis, Michael,2020,25,146,158,31,19,5,2,5,50,8,31.6,5.1,0.212,0.377,0.259,0.636,0.224,0.391,0.268,0.279,0.275,0.166,0.361,0.378,88.3,10,37.8,7.1,20.4,21.4,39.8,4.1,37.8,71.2,26.4,32.3,64.4,35.6,50.3,82.6,73.6,38.3,51.6,38.8,41.8,19.4,59.5
Kipnis, Jason,2020,33,114,135,27,15,8,1,3,41,18,30.4,13.3,0.237,0.404,0.341,0.744,0.183,0.339,0.321,0.275,0.296,0.156,0.402,0.319,86.2,18.2,28,9.3,14.7,36,30.7,5.3,30.7,57.7,14.3,23.2,53.4,46.6,53,54.8,85.7,26.5,39.5,42.7,30.7,26.7,53.3
Guillorme, Luis,2020,26,57,68,19,13,6,0,0,17,10,25,14.7,0.333,0.439,0.426,0.865,0.252,0.341,0.375,0.309,0.361,0.089,0.454,0.345,89.8,10.7,46.3,2.4,41.5,24.4,29.3,0,31.7,59.3,16.7,15.2,36,64,50.5,68.4,83.3,20.7,37,24.4,31.7,43.9,60.3
Garcia, Leury,2020,29,59,63,16,12,1,0,3,9,4,14.3,6.3,0.271,0.441,0.317,0.758,0.263,0.454,0.321,0.318,0.31,0.192,0.35,0.345,87.3,7.5,26,6,24,28,40,2,26,65.2,12,29.7,42.4,57.6,49.1,76.5,88,21.3,47.8,42,38,20,65.1
Olson, Matt,2020,26,210,245,41,22,4,1,14,77,34,31.4,13.9,0.195,0.424,0.31,0.734,0.224,0.455,0.311,0.326,0.336,0.231,0.396,0.426,92.3,19.6,30.1,12.8,24.8,24.8,24.1,3,45.9,67.4,29.5,19.8,51.9,48.1,52.3,81.3,70.5,35,42.5,44.4,36.1,19.5,53.1
Goodrum, Niko,2020,28,158,179,29,16,7,1,5,69,18,38.5,10.1,0.184,0.335,0.263,0.598,0.185,0.339,0.257,0.256,0.265,0.154,0.366,0.364,88.8,16,34.8,9.8,19.6,29.3,26.1,5.4,40.2,66.4,30.6,26.1,55.5,44.5,54.3,70.6,69.4,38.6,44.5,33.7,42.4,23.9,59.2
Albies, Ozzie,2020,23,118,124,32,21,5,0,6,30,5,24.2,4,0.271,0.466,0.306,0.773,0.24,0.42,0.324,0.291,0.277,0.18,0.409,0.362,86.7,17.8,35.2,9.1,20.5,29.5,29.5,4.5,28.4,81.8,16.3,33.8,45.9,54.1,49.3,90.3,83.7,24.8,58.1,40.9,37.5,21.6,64.5
Trout, Mike,2020,29,199,241,56,28,9,2,17,56,35,23.2,14.5,0.281,0.603,0.39,0.993,0.292,0.613,0.4,0.408,0.405,0.321,0.485,0.499,93.7,23.1,36.1,15,22.4,34,16.3,2,55.1,57.3,13.8,14.4,43.7,56.3,48.1,72.6,86.2,19.5,36.7,34.7,36.7,28.6,61.4
Flores, Wilmer,2020,29,198,213,53,29,11,1,12,36,13,16.9,6.1,0.268,0.515,0.315,0.83,0.251,0.439,0.342,0.3,0.299,0.188,0.389,0.335,87.9,19,37.4,6.1,24.5,35,23.9,4.3,34.4,69.7,12.6,29.6,28,72,54.1,75.5,87.4,17.8,48,45.4,32.5,22.1,55.4
Tellez, Rowdy,2020,25,113,127,32,19,5,0,8,20,11,15.7,8.7,0.283,0.54,0.346,0.886,0.286,0.51,0.363,0.353,0.355,0.224,0.401,0.39,90.7,10.6,30.5,8.4,23.2,18.9,31.6,4.2,45.3,70.1,14.5,34,38.6,61.4,55.3,80.6,85.5,23.5,50.1,33.7,40,26.3,63.8
Choi, Ji-Man,2020,29,122,145,28,12,13,0,3,36,20,24.8,13.8,0.23,0.41,0.331,0.741,0.195,0.307,0.311,0.267,0.308,0.112,0.36,0.291,89,15.7,30.3,3.4,22.5,29.2,27,5.6,39.3,67.4,21.4,22.4,61.8,38.2,51.1,75.7,78.6,31.8,44.4,43.8,34.8,21.3,61.4
Thames, Eric,2020,34,123,140,25,17,5,0,3,42,14,30,10,0.203,0.317,0.3,0.617,0.219,0.377,0.272,0.292,0.314,0.158,0.33,0.363,88.7,14.6,35.8,6.2,24.7,25.9,28.4,2.5,46.9,68.2,20.3,31.6,45.5,54.5,54,89.7,79.7,29.2,48.4,32.1,45.7,22.2,67.1
Bregman, Alex,2020,26,153,180,37,18,12,1,6,26,24,14.4,13.3,0.242,0.451,0.35,0.801,0.256,0.4,0.339,0.327,0.364,0.144,0.339,0.321,88.9,17.3,35.9,3.9,25,35.9,27.3,0.8,33.6,56.2,8.2,18.1,32.9,67.1,52.6,71.4,91.8,14.7,36.1,44.5,39.8,15.6,50
Osuna, Jose,2020,28,78,82,16,9,3,0,4,16,4,19.5,4.9,0.205,0.397,0.244,0.641,0.267,0.47,0.268,0.313,0.303,0.204,0.31,0.369,89.1,14.7,37.1,12.9,22.6,29,25.8,3.2,41.9,72.9,15.9,30.7,57.4,42.6,49.7,75,84.1,28.1,51.9,32.3,35.5,32.3,61
Renfroe, Hunter,2020,28,122,139,19,6,5,0,8,37,14,26.6,10.1,0.156,0.393,0.252,0.645,0.198,0.408,0.273,0.293,0.291,0.21,0.312,0.347,89.4,17.3,23.3,9.3,18.6,36,26.7,3.5,38.4,57.1,25.5,27.1,45,55,51.8,71.8,74.5,32.1,41.6,41.9,30.2,27.9,66.9
Stanton, Giancarlo,2020,31,76,94,19,8,7,0,4,27,15,28.7,16,0.25,0.5,0.383,0.883,0.296,0.526,0.373,0.396,0.425,0.229,0.474,0.517,91.1,8.3,38.8,18.4,26.5,10.2,32.7,10.2,51,56.2,25.3,22.4,45.5,54.5,59.3,70.4,74.7,32.7,36.1,55.1,30.6,14.3,58.5
Bart, Joey,2020,24,103,111,24,17,5,2,0,41,3,36.9,2.7,0.233,0.32,0.288,0.609,0.201,0.294,0.267,0.24,0.258,0.093,0.386,0.338,89,12.6,29,4.8,30.6,19.4,27.4,8.1,48.4,66.2,25.9,38.8,47.7,52.3,52.7,76.7,74.1,34.5,51.7,33.9,45.2,21,68.5
Miller, Brad,2020,31,142,171,33,17,8,1,7,46,25,26.9,14.6,0.232,0.451,0.357,0.807,0.253,0.483,0.343,0.364,0.378,0.23,0.409,0.445,89.8,11.2,33,13.4,22.7,20.6,36.1,1,43.3,59.7,31,23.7,45.2,54.8,55.6,70.5,69,35.7,39.7,33,49.5,17.5,59.6
Garcia, Avisail,2020,29,181,207,43,31,10,0,2,49,20,23.7,9.7,0.238,0.326,0.333,0.659,0.243,0.374,0.291,0.306,0.338,0.13,0.326,0.349,87.4,8.7,37.1,3.8,23.5,20.5,40.9,3,37.1,78.2,23.9,34.6,55.1,44.9,54.3,81,76.1,34.7,54.6,36.4,37.9,25.8,63.8
Happ, Ian,2020,26,198,231,51,27,11,1,12,63,30,27.3,13,0.258,0.505,0.359,0.864,0.262,0.47,0.363,0.348,0.365,0.208,0.457,0.433,91.1,9,37.5,10.3,28.7,19.1,33.1,2.2,48.5,64.6,24.1,24.2,63.9,36.1,52.3,74,75.9,35.7,43.5,36.8,39.7,23.5,57.6
Bote, David,2020,27,125,145,25,14,3,1,7,40,17,27.6,11.7,0.2,0.408,0.303,0.711,0.233,0.415,0.304,0.318,0.333,0.181,0.36,0.384,92.4,9.3,25.6,10.5,18.6,20.9,40.7,2.3,52.3,58.5,20.5,21.6,45.6,54.4,52.6,74,79.5,27.8,39.1,31.4,39.5,29.1,57.9
Winker, Jesse,2020,27,149,183,38,19,7,0,12,46,28,25.1,15.3,0.255,0.544,0.388,0.932,0.267,0.528,0.389,0.383,0.399,0.261,0.465,0.454,92.1,10.5,37.5,13.5,27.9,16.3,29.8,1,49,63.6,25.6,19.3,38.8,61.3,53,82.6,74.4,29,40.1,44.2,34.6,21.2,57.4
Mazara, Nomar,2020,25,136,149,31,24,6,0,1,44,10,29.5,6.7,0.228,0.294,0.295,0.589,0.223,0.365,0.263,0.281,0.29,0.142,0.327,0.356,91,6.7,28.3,7.6,20.7,22.8,42.4,3.3,48.9,62.2,19.1,33.3,43.2,56.8,54.5,72.7,80.9,28.5,46.5,30.4,33.7,35.9,65.8
Arozarena, Randy,2020,25,64,76,18,9,2,0,7,22,6,28.9,7.9,0.281,0.641,0.382,1.022,0.253,0.496,0.416,0.355,0.358,0.243,0.555,0.447,90.3,9.2,32.6,14,14,20.9,39.5,2.3,44.2,61.6,28,25.1,55.8,44.2,53.1,80,72,36.8,42.2,39.5,27.9,32.6,51.3
White, Eli,2020,26,48,52,9,7,2,0,0,16,3,30.8,5.8,0.188,0.229,0.231,0.46,0.224,0.295,0.204,0.25,0.272,0.071,0.258,0.331,88.1,15.4,33.3,3,30.3,27.3,33.3,3,33.3,66.7,21.1,27.3,40.7,59.3,46.5,71.4,78.9,26.2,48.4,30.3,51.5,18.2,59.6
Frazier, Clint,2020,26,131,160,35,20,6,1,8,44,25,27.5,15.6,0.267,0.511,0.394,0.905,0.247,0.449,0.382,0.348,0.377,0.202,0.474,0.413,89.4,11.6,38.6,12.5,25,20.5,29.5,3.4,43.2,59.4,22.6,14.1,65.4,34.6,53.5,79.5,77.4,31.8,35.2,44.3,29.5,26.1,55.6
Turner, Justin,2020,36,150,175,46,32,9,1,4,26,18,14.9,10.3,0.307,0.46,0.4,0.86,0.299,0.553,0.37,0.386,0.394,0.254,0.385,0.407,90.3,17.5,40.8,11.2,24,29.6,23.2,1.6,44,67.2,13.2,19,46.2,53.8,50.4,70.6,86.8,20.5,42.9,36,42.4,21.6,53.1
Grossman, Robbie,2020,31,166,192,40,18,12,2,8,38,21,19.8,10.9,0.241,0.482,0.344,0.826,0.24,0.398,0.345,0.315,0.343,0.158,0.382,0.337,89,15.2,33.6,5.5,19.5,30.5,34.4,1.6,37.5,66,12.8,21.7,34.9,65.1,51,87,87.2,18.4,43.4,46.1,33.6,20.3,53.6
Conforto, Michael,2020,27,202,233,65,44,12,0,9,57,24,24.5,10.3,0.322,0.515,0.412,0.927,0.284,0.475,0.395,0.359,0.379,0.192,0.485,0.428,88.4,11,38.6,11,32.4,18.6,26.2,5.5,36.6,64.8,16.6,25.3,48,52,52.1,77.8,83.4,26,44.2,27.6,40.7,31.7,60.5
Pillar, Kevin,2020,31,208,223,60,39,12,3,6,41,13,18.4,5.8,0.288,0.462,0.336,0.798,0.27,0.432,0.335,0.312,0.32,0.162,0.388,0.358,87.1,13.4,34.7,5.4,27.5,28.1,27.5,4.2,36.5,67.2,15.6,36.8,42.9,57.1,50.4,89.8,84.4,25.3,51.9,34.7,41.9,23.4,58.3
Urias, Luis,2020,23,109,120,26,21,4,1,0,32,10,26.7,8.3,0.239,0.294,0.308,0.602,0.226,0.294,0.269,0.263,0.297,0.068,0.32,0.312,87.7,2.3,22.1,1.3,28.6,11.7,48.1,3.9,27.3,56.3,17.2,25.5,34.9,65.1,50.9,65.4,82.8,22.8,40.6,36.4,36.4,27.3,60.8
Profar, Jurickson,2020,27,180,202,50,37,6,0,7,28,15,13.9,7.4,0.278,0.428,0.342,0.769,0.284,0.413,0.33,0.329,0.352,0.129,0.345,0.343,87.2,11,35.5,3.2,29,25.8,32.9,4.5,27.7,66,14.4,28.5,32.8,67.2,51.1,75.4,85.6,20.2,46.8,32.9,30.3,36.8,61.9
Luplow, Jordan,2020,27,78,92,15,7,5,1,2,19,12,20.7,13,0.192,0.359,0.304,0.663,0.203,0.368,0.289,0.293,0.314,0.165,0.293,0.299,83.5,24.7,35,6.7,13.3,41.7,23.3,6.7,25,68.7,12.8,21.3,39.1,60.9,54.3,80,87.2,19.9,43,43.3,25,31.7,51.1
Maldonado, Martin,2020,34,135,165,29,19,4,0,6,51,27,30.9,16.4,0.215,0.378,0.345,0.723,0.206,0.362,0.321,0.307,0.342,0.156,0.393,0.366,86.1,19.1,38.4,8.1,25.6,27.9,31.4,3.5,26.7,62.5,21.9,23.7,47.1,52.9,51.7,70.5,78.1,29.2,42.4,48.8,36,15.1,66.7
Dalbec, Bobby,2020,25,80,92,21,10,3,0,8,39,10,42.4,10.9,0.263,0.6,0.359,0.959,0.199,0.533,0.394,0.334,0.303,0.334,0.68,0.547,89.9,14.8,36.6,22,14.6,22,29.3,2.4,43.9,67.8,34.5,33.3,65.7,34.3,55.1,66.7,65.5,46.2,48.8,43.9,31.7,24.4,63
Adrianza, Ehire,2020,31,89,101,17,10,7,0,0,23,11,22.8,10.9,0.191,0.27,0.287,0.557,0.201,0.309,0.253,0.267,0.297,0.108,0.261,0.283,85.9,16,33.3,3,24.2,34.8,25.8,4.5,24.2,68.7,10.1,24.4,40,60,50.5,84,89.9,18.1,46.3,31.8,45.5,22.7,56.4
Kieboom, Carter,2020,23,99,122,20,19,1,0,0,33,17,27,13.9,0.202,0.212,0.344,0.556,0.18,0.22,0.271,0.267,0.33,0.04,0.265,0.258,85.1,11.9,31.3,0,28.4,29.9,37.3,4.5,20.9,67.2,12.2,25.3,55.4,44.6,54.5,78.4,87.8,25.6,44.4,29.9,37.3,32.8,68.9
Martinez, Jose,2020,32,88,98,16,10,4,0,2,27,10,27.6,10.2,0.182,0.295,0.265,0.561,0.22,0.361,0.244,0.281,0.299,0.142,0.286,0.345,87.9,6.2,31.1,4.9,23,16.4,47.5,1.6,32.8,56.7,16.8,33.8,43.8,56.2,54.8,75,83.2,28.2,44.2,27.9,54.1,18,63.3
Longoria, Evan,2020,35,193,209,49,31,10,1,7,39,11,18.7,5.3,0.254,0.425,0.297,0.722,0.284,0.53,0.303,0.354,0.331,0.246,0.346,0.414,91.7,10.7,29.9,11.5,25.5,21,34.4,3.2,45.2,62.4,12.2,27.8,41.4,58.6,50.4,69.7,87.8,21.3,45,42,36.3,21.7,58.4
Mendick, Danny,2020,27,107,114,26,18,4,1,3,25,6,21.9,5.3,0.243,0.383,0.281,0.664,0.222,0.309,0.281,0.25,0.263,0.087,0.336,0.295,86.2,7.4,30.1,2.4,19.3,22.9,41,4.8,31.3,59.7,22,24.1,33.9,66.1,49.6,71.1,78,25.4,42.1,28.9,31.3,39.8,57.9
Strange-Gordon, Dee,2020,32,75,82,15,14,1,0,0,13,5,15.9,6.1,0.2,0.213,0.268,0.482,0.227,0.26,0.223,0.256,0.294,0.033,0.216,0.26,79.2,14.1,30.6,0,19.4,29,35.5,14.5,4.8,64.2,10.5,39.9,29.5,70.5,53.3,71.4,89.5,18.4,51.2,22.6,46.8,30.6,75.6
Stassi, Max,2020,29,90,105,25,16,2,0,7,21,11,20,10.5,0.278,0.533,0.352,0.886,0.271,0.568,0.364,0.371,0.354,0.297,0.416,0.427,91.6,15,31.9,11.1,18.1,23.6,31.9,1.4,41.7,67.9,20.6,23.1,46.2,53.8,46.7,77.1,79.4,26.5,47,47.2,37.5,15.3,66.7
Goodwin, Brian,2020,30,144,164,31,15,9,1,6,54,17,32.9,10.4,0.215,0.417,0.299,0.715,0.212,0.383,0.3,0.286,0.3,0.17,0.404,0.379,89.9,20.7,41.3,10.9,22.8,34.8,20.7,2.2,41.3,59.9,26.8,19.7,55.2,44.8,49.9,70.4,73.2,33.8,39.9,46.7,33.7,19.6,57.3
Cabrera, Miguel,2020,37,204,231,51,37,4,0,10,51,24,22.1,10.4,0.25,0.417,0.329,0.746,0.291,0.522,0.318,0.361,0.368,0.231,0.364,0.43,93.2,12.1,36.8,9.7,32.3,20.6,29,1.3,49.7,70.5,18.4,29.9,55.9,44.1,55.9,75.6,81.6,31.6,47.7,37.4,37.4,25.2,60.2
Martinez, J.D.,2020,33,211,237,45,22,16,0,7,59,22,24.9,9.3,0.213,0.389,0.291,0.68,0.231,0.447,0.285,0.304,0.307,0.216,0.339,0.367,89.5,14.7,39.6,11,18.2,31.8,28.6,1.9,41.6,73.7,20.3,30.9,46.1,53.9,50.9,83.8,79.7,28.1,51.9,35.1,40.9,24,61.2
Abreu, Jose,2020,33,240,262,76,42,15,0,19,59,18,22.5,6.9,0.317,0.617,0.37,0.987,0.3,0.585,0.404,0.379,0.358,0.285,0.504,0.467,92.9,10.9,37.4,14.3,25.3,17.6,33,0.5,53.3,68.6,19.7,32.2,48.1,51.9,55.3,63,80.3,30.1,48.5,34.1,41.2,24.7,59.2
Brinson, Lewis,2020,26,106,112,24,15,6,0,3,30,6,26.8,5.4,0.226,0.368,0.268,0.636,0.246,0.382,0.271,0.284,0.286,0.136,0.344,0.364,88.1,7.9,27.6,7.9,22.4,23.7,36.8,5.3,36.8,71.1,20.7,36.2,47.6,52.4,54.1,81.5,79.3,30.8,52.2,46.1,42.1,11.8,67
Altuve, Jose,2020,30,192,210,42,28,9,0,5,39,17,18.6,8.1,0.219,0.344,0.286,0.629,0.23,0.352,0.274,0.28,0.297,0.122,0.294,0.303,86.7,9.3,24.8,4.6,20.3,24.2,35.9,8.5,33.3,67.2,12.6,35.2,32.7,67.3,54.9,83,87.4,20.4,49.6,38.6,36.6,24.8,67.1
Narvaez, Omar,2020,28,108,126,19,13,4,0,2,39,16,31,12.7,0.176,0.269,0.294,0.562,0.173,0.294,0.258,0.262,0.291,0.121,0.291,0.297,81.6,18.7,36.2,7.2,18.8,30.4,30.4,10.1,21.7,69,22.8,32.5,41.4,58.6,55.2,76.3,77.2,29.6,48.8,40.6,37.7,21.7,53.2
Velazquez, Andrew,2020,26,63,77,10,8,1,1,0,23,10,29.9,13,0.159,0.206,0.26,0.466,0.148,0.227,0.227,0.232,0.265,0.079,0.243,0.25,82.4,6.7,11.4,4.5,11.4,22.7,43.2,18.2,15.9,65.5,29.7,30.8,32.1,67.9,56.7,78.9,70.3,30.6,45.8,38.6,40.9,20.5,62.3
